leading_item_id,following_item_id,value
DEWLVASR,FTSVTTSR,157604
FTSVTTSR,UQYUIVVR,4391414
DEWLVASR,UQYUIVVR,4405686
FTSVTTSR,LTOYKIML,362612
QRKRBYJL,GYHKIVQT,24673920
XUOIQPFL,QVLMOEYE,877098
QRKRBYJL,DNMPSKTB,5020834
SDWAYPIK,GYHKIVQT,24454836
QVLMOEYE,DNMPSKTB,5002504
QRKRBYJL,QVLMOEYE,857130
VBYCLTYZ,HXYSSRXE,5468619
VBYCLTYZ,DNMPSKTB,5105038
UQYUIVVR,LTOYKIML,357108
DNMPSKTB,QVLMOEYE,867051
GYHKIVQT,KJNSOAHR,15117829
UQYUIVVR,SAHWCZNH,1550853
DNMPSKTB,SDWAYPIK,5649260
ATLDMDBO,DNMPSKTB,5027988
XUOIQPFL,QRKRBYJL,2610944
ATLDMDBO,QRKRBYJL,2612276
QVLMOEYE,HXYSSRXE,5466710
ATLDMDBO,RJGPVEXX,695452
VUAFAIYJ,LSOIUSXD,136300
QVLMOEYE,ZKENOUDA,409752
JPBRUTWP,QVLMOEYE,867199
QVLMOEYE,XIFHSOWQ,42517
SDWAYPIK,QVLMOEYE,868687
GYHKIVQT,EVBVXETX,5093688
OKMBFVKS,FQCLOEXA,1927261
ZGJXVMNI,KJNSOAHR,15796188
ATLDMDBO,AXULOHBQ,45147
ATLDMDBO,SDWAYPIK,5645102
QVLMOEYE,FQCLOEXA,1904661
VBYCLTYZ,FQCLOEXA,1896349
GYHKIVQT,ZKENOUDA,428150
EVBVXETX,WPQXWHYO,9413534
QVLMOEYE,DEWLVASR,408639
UGEQLMXM,QVLMOEYE,866764
DNMPSKTB,GYHKIVQT,24319200
QRKRBYJL,EVBVXETX,5097970
VUAFAIYJ,WBLJNPZQ,163835
SAHWCZNH,WQMVCOEM,411
ATLDMDBO,EVBVXETX,5153942
EVBVXETX,LUENUFGA,3105903
SDWAYPIK,QRKRBYJL,2608067
BTMOEMEP,GYHKIVQT,23814508
QRKRBYJL,FQCLOEXA,1940838
GYHKIVQT,LUENUFGA,3058728
XUOIQPFL,JPBRUTWP,5627912
ZGJXVMNI,SDWAYPIK,5745198
ATLDMDBO,ZGJXVMNI,2505029
QRKRBYJL,RJGPVEXX,663527
BTMOEMEP,DNMPSKTB,5036592
VBYCLTYZ,RAWUKQMJ,3969788
VBYCLTYZ,QVLMOEYE,866772
SDWAYPIK,XUOIQPFL,2317635
ATLDMDBO,QVLMOEYE,845529
AXULOHBQ,LUENUFGA,3054425
VBYCLTYZ,WPQXWHYO,9361591
DNMPSKTB,ZKENOUDA,423553
QVLMOEYE,EVBVXETX,5099195
VBYCLTYZ,ATLDMDBO,45890096
ZGJXVMNI,EVBVXETX,4814074
VWMBASNE,VUAFAIYJ,671398
QVLMOEYE,LUENUFGA,3038588
QRKRBYJL,SDWAYPIK,5611308
DNMPSKTB,ZGJXVMNI,2554654
QRKRBYJL,ZGJXVMNI,2531591
ZGJXVMNI,QVLMOEYE,875143
QVLMOEYE,WPQXWHYO,9302462
AXULOHBQ,XIFHSOWQ,42344
HCDTGMST,ZGJXVMNI,2662953
UGEQLMXM,ZKENOUDA,401822
VUAFAIYJ,CCLHWFWF,20236876
XUOIQPFL,SDWAYPIK,5656058
LUENUFGA,NZKBIBNU,260471
ZGJXVMNI,QRKRBYJL,2660630
EVBVXETX,XIFHSOWQ,45869
QRKRBYJL,OKMBFVKS,2168917
UGEQLMXM,SDWAYPIK,5658582
GYHKIVQT,DEWLVASR,403134
QRKRBYJL,AXULOHBQ,45259
ZGJXVMNI,GYHKIVQT,25205096
BTMOEMEP,ZGJXVMNI,2508092
QVLMOEYE,GYHKIVQT,23499108
ATLDMDBO,JPBRUTWP,5569845
VWMBASNE,WBLJNPZQ,177660
QRKRBYJL,ATLDMDBO,43276420
QVLMOEYE,QRKRBYJL,2597808
XUOIQPFL,DUCMGGNW,425090
JPBRUTWP,DNMPSKTB,5070787
QRKRBYJL,ZKENOUDA,412910
UIFPPCLR,SNHYOVBM,139321
WBLJNPZQ,QRKRBYJL,2581426
ZGJXVMNI,DNMPSKTB,5294654
ZGJXVMNI,ZKENOUDA,361249
QVLMOEYE,SDWAYPIK,5644790
AXULOHBQ,EVBVXETX,4925398
DNMPSKTB,OKMBFVKS,2170278
HCDTGMST,AXULOHBQ,48187
ATLDMDBO,GYHKIVQT,23736464
HXYSSRXE,WPQXWHYO,9417108
XIPPENFQ,AANGBULD,475340
APQGTRMF,QJQJSWFU,105040
CCLHWFWF,VUAFAIYJ,663184
GYHKIVQT,ZXERAXWP,52133
SAHWCZNH,LUENUFGA,3069016
XIFHSOWQ,ZGJXVMNI,2656108
LUENUFGA,AXULOHBQ,46552
VBYCLTYZ,AXULOHBQ,49238
LRVGFDFM,WBLJNPZQ,181847
DNMPSKTB,XUOIQPFL,2284088
APQGTRMF,DBWLZWNK,138348
GYHKIVQT,SDWAYPIK,5646820
ATLDMDBO,ZKENOUDA,408367
RAWUKQMJ,LUENUFGA,3082203
FQCLOEXA,WPQXWHYO,9251855
UGEQLMXM,LSOIUSXD,132802
QRKRBYJL,WBLJNPZQ,184522
BUZIIBYG,FDXPMYGF,7608
XUOIQPFL,ZKENOUDA,411032
ROACSLMG,FQCLOEXA,1928454
QVLMOEYE,XUOIQPFL,2457838
FQCLOEXA,EVBVXETX,4660864
KAGJCHMR,ROACSLMG,2433303
VUAFAIYJ,ATLDMDBO,46384384
SDWAYPIK,OKMBFVKS,2174082
YSYHGLQK,FDXPMYGF,9877
ZCELVYQU,TGOELCAG,304193
QRKRBYJL,APQGTRMF,56661
APQGTRMF,GYHKIVQT,24012460
UIFPPCLR,DBWLZWNK,138474
XMKRPGLB,OJIFIHMZ,1866901
SDWAYPIK,DBWLZWNK,134371
UGEQLMXM,GYHKIVQT,25037872
UGEQLMXM,FQCLOEXA,1850561
FTSVTTSR,FRHNWLNI,802495
FTSVTTSR,WHPUAOID,37980
DEWLVASR,VMAQSTJE,33246
FQCLOEXA,BSRMSVTC,394852
EVBVXETX,FQCLOEXA,1953985
KEUWZRKO,DEWLVASR,402060
QVLMOEYE,ATLDMDBO,46346184
JPBRUTWP,ATLDMDBO,46690796
FCYBOAXC,PYZMVUWD,329
GYHKIVQT,XUOIQPFL,2346527
SDWAYPIK,DNMPSKTB,4973933
ELQGMQWE,OKMBFVKS,2210318
WPQXWHYO,XIFHSOWQ,45562
AANGBULD,KJNSOAHR,15536289
VBYCLTYZ,QRKRBYJL,2602023
OXKURKXR,APQGTRMF,44983
YSYHGLQK,UQYUIVVR,4402140
LSOIUSXD,WBLJNPZQ,169284
HXYSSRXE,EVBVXETX,5112996
DNMPSKTB,QRKRBYJL,2576726
APQGTRMF,SNHYOVBM,133788
QVLMOEYE,UGEQLMXM,58052
VWMBASNE,LSOIUSXD,131091
OXKURKXR,ZKENOUDA,402905
JPBRUTWP,LPHPPJUG,1168300
KEUWZRKO,FTSVTTSR,162999
OKMBFVKS,FDXPMYGF,8449
QVLMOEYE,RJGPVEXX,688438
UGEQLMXM,QRKRBYJL,2586256
HXYSSRXE,FQCLOEXA,1881392
ATLDMDBO,FQCLOEXA,1909983
LUENUFGA,WPQXWHYO,9198171
DEWLVASR,FRHNWLNI,799640
VBYCLTYZ,BSRMSVTC,392824
BTMOEMEP,RAWUKQMJ,3922012
DNMPSKTB,VWMBASNE,115101
JPBRUTWP,WBLJNPZQ,176649
BTMOEMEP,QVLMOEYE,827251
AXULOHBQ,XIPPENFQ,145514
CCLHWFWF,WBLJNPZQ,177919
FQCLOEXA,XIFHSOWQ,46890
GYHKIVQT,DNMPSKTB,4933592
ATLDMDBO,UGEQLMXM,54052
QRKRBYJL,XUOIQPFL,2339216
QVLMOEYE,ZGJXVMNI,2555211
UGEQLMXM,DEWLVASR,402499
LUENUFGA,DNMPSKTB,5249248
UXSPKBJR,AXULOHBQ,47807
FITUEHWN,DJBLNPNC,124
ZGJXVMNI,APQGTRMF,60135
LSOIUSXD,VUAFAIYJ,674583
GKQIJYDH,QJQJSWFU,107567
UGEQLMXM,VWMBASNE,115504
BTMOEMEP,BSRMSVTC,390790
ZKENOUDA,FTSVTTSR,153072
XUOIQPFL,UGEQLMXM,55625
ZGJXVMNI,FITUEHWN,63747
VBYCLTYZ,GYHKIVQT,25857996
QRKRBYJL,VBYCLTYZ,424944
ZGJXVMNI,OKMBFVKS,2121770
JPBRUTWP,GYHKIVQT,25957520
ZKENOUDA,VWMBASNE,111227
QRKRBYJL,LUENUFGA,3037200
JERHKLYW,JPBRUTWP,5518942
XIFHSOWQ,LUENUFGA,3065672
IGDVVKUD,VBYCLTYZ,436009
QVLMOEYE,WBLJNPZQ,164976
DNMPSKTB,UGEQLMXM,56891
UGEQLMXM,WBLJNPZQ,165904
XUOIQPFL,WBLJNPZQ,176996
QRKRBYJL,VMAQSTJE,28532
FCYBOAXC,LSOIUSXD,132004
SDWAYPIK,ZGJXVMNI,2575942
NZKBIBNU,LUENUFGA,3111304
VBYCLTYZ,BTMOEMEP,10071894
RAWUKQMJ,AXULOHBQ,48605
XIFHSOWQ,WPQXWHYO,9486479
LSOIUSXD,KEUWZRKO,405070
SDWAYPIK,APQGTRMF,57061
ZGJXVMNI,UGEQLMXM,55677
LUENUFGA,UGEQLMXM,55526
UIFPPCLR,VBYCLTYZ,452035
XIFHSOWQ,AXULOHBQ,46201
VBYCLTYZ,ZKENOUDA,388510
OXKURKXR,GYHKIVQT,25608268
WBLJNPZQ,VUAFAIYJ,704577
JPBRUTWP,ZGJXVMNI,2558172
BTMOEMEP,AXULOHBQ,48536
RCBZUSIM,QVLMOEYE,877274
EVBVXETX,BSRMSVTC,392092
DBWLZWNK,XUOIQPFL,2386644
SDWAYPIK,VBYCLTYZ,434165
OXKURKXR,EVBVXETX,5053148
GYHKIVQT,QVLMOEYE,859644
HXYSSRXE,NZKBIBNU,254164
WBLJNPZQ,OKMBFVKS,2125910
VWMBASNE,CCLHWFWF,18462860
VBYCLTYZ,ZGJXVMNI,2551734
GYHKIVQT,XIFHSOWQ,41670
DNMPSKTB,EVBVXETX,5046800
LUENUFGA,ZGJXVMNI,2666127
QRKRBYJL,NZKBIBNU,262956
HXYSSRXE,RJGPVEXX,717101
ATLDMDBO,WPQXWHYO,9602936
BTMOEMEP,OXKURKXR,144444
HCDTGMST,ATLDMDBO,46626544
AXULOHBQ,ATLDMDBO,45192944
HXYSSRXE,ZGJXVMNI,2507183
JBVHSUWY,ELQGMQWE,700047
DNMPSKTB,JPBRUTWP,5585680
JBVHSUWY,DBWLZWNK,138351
SDWAYPIK,ATLDMDBO,48155652
BUZIIBYG,ROACSLMG,2407758
ATLDMDBO,RAWUKQMJ,3870612
HCDTGMST,QRKRBYJL,2649012
WBLJNPZQ,LSOIUSXD,133142
KAGJCHMR,FITUEHWN,57526
ZGJXVMNI,DEWLVASR,396045
ZGJXVMNI,XUOIQPFL,2347114
APQGTRMF,WQMVCOEM,458
LRVGFDFM,QRKRBYJL,2557886
ATLDMDBO,NZKBIBNU,264204
WBLJNPZQ,JPBRUTWP,5586128
OKMBFVKS,GYHKIVQT,24689360
KJNSOAHR,BSRMSVTC,390904
VWMBASNE,QRKRBYJL,2617868
LSOIUSXD,ZKENOUDA,360814
GYHKIVQT,OKMBFVKS,2178694
QRKRBYJL,UGEQLMXM,57832
HXYSSRXE,DNMPSKTB,4979666
AXULOHBQ,SAHWCZNH,1531790
KAGJCHMR,UQYUIVVR,4532019
ATLDMDBO,HXYSSRXE,5524761
DNMPSKTB,KJNSOAHR,15088072
UGEQLMXM,DNMPSKTB,5178276
SDWAYPIK,VWMBASNE,117164
QVLMOEYE,JPBRUTWP,5598544
GYHKIVQT,BEZYMBBT,2722331
SAAYMURU,UQYUIVVR,4450792
DNMPSKTB,ATLDMDBO,47307896
ZKENOUDA,SDWAYPIK,5778850
ATLDMDBO,WBLJNPZQ,178111
GYHKIVQT,FQCLOEXA,1856566
BTMOEMEP,LPHPPJUG,1133583
AANGBULD,LUENUFGA,3124629
HCDTGMST,LPHPPJUG,1106819
EVBVXETX,HXYSSRXE,5503742
AXULOHBQ,NZKBIBNU,267634
LUENUFGA,ZKENOUDA,357133
AANGBULD,WPQXWHYO,9438633
SNHYOVBM,DBWLZWNK,142267
AXULOHBQ,UXSPKBJR,389554
XUOIQPFL,GYHKIVQT,25478092
ZKENOUDA,XUOIQPFL,2370911
ZGJXVMNI,LUENUFGA,3110124
HCDTGMST,RJGPVEXX,720350
QVLMOEYE,LPHPPJUG,1144071
VBYCLTYZ,DEWLVASR,407904
ZKENOUDA,GYHKIVQT,24740224
OKMBFVKS,XUOIQPFL,2341614
VBYCLTYZ,RJGPVEXX,706903
XUOIQPFL,DNMPSKTB,4994467
SDWAYPIK,UIFPPCLR,93737
SNHYOVBM,BEZYMBBT,2749026
XUOIQPFL,ATLDMDBO,42779412
QRKRBYJL,JPBRUTWP,5595886
AXULOHBQ,WPQXWHYO,9442630
DEWLVASR,ZKENOUDA,364767
ATLDMDBO,LPHPPJUG,1131744
LPHPPJUG,LUENUFGA,3125278
WPQXWHYO,LUENUFGA,3017326
GYHKIVQT,ZGJXVMNI,2599994
BEZYMBBT,HXYSSRXE,5498716
ELQGMQWE,XUOIQPFL,2308718
SNHYOVBM,WQMVCOEM,362
UXSPKBJR,DNMPSKTB,5178009
XUOIQPFL,APQGTRMF,57545
JSLXRQOK,QJQJSWFU,101580
KEUWZRKO,ZGJXVMNI,2651795
SDWAYPIK,ZKENOUDA,406023
QVLMOEYE,AXULOHBQ,49411
VWMBASNE,ZKENOUDA,398044
FITUEHWN,JPBRUTWP,5561178
JPBRUTWP,XUOIQPFL,2340506
ELQGMQWE,FWUCPMMW,22084
OGAFEHLU,VWMBASNE,126706
GYHKIVQT,ELQGMQWE,681247
EVBVXETX,RJGPVEXX,690879
HXYSSRXE,UGEQLMXM,56591
VBYCLTYZ,HCDTGMST,64393
UGEQLMXM,ELQGMQWE,699219
WBLJNPZQ,APQGTRMF,45731
GYHKIVQT,VMAQSTJE,31860
SAAYMURU,FTSVTTSR,150093
XIFHSOWQ,XIPPENFQ,147955
BTMOEMEP,QRKRBYJL,2610468
PYZMVUWD,UGEQLMXM,56360
LTOYKIML,UIFPPCLR,93792
JPBRUTWP,QRKRBYJL,2586209
QRKRBYJL,WPQXWHYO,9401297
ZKENOUDA,KJNSOAHR,15519437
ZKENOUDA,OKMBFVKS,2078565
GYHKIVQT,APQGTRMF,57889
CCLHWFWF,ATLDMDBO,47660300
SDWAYPIK,KJNSOAHR,15694111
AXULOHBQ,KEUWZRKO,406923
VBYCLTYZ,LPHPPJUG,1142276
BUZIIBYG,FQCLOEXA,1862107
FQCLOEXA,LUENUFGA,3101809
UGEQLMXM,XUOIQPFL,2400078
QJQJSWFU,RAWUKQMJ,3902953
HXYSSRXE,GYHKIVQT,24705096
QRKRBYJL,KJNSOAHR,15342551
DBWLZWNK,AANGBULD,521870
XUOIQPFL,TGOELCAG,285506
PYZMVUWD,LSOIUSXD,133242
AXULOHBQ,RJGPVEXX,671780
LRVGFDFM,ATLDMDBO,50434164
LRVGFDFM,QVLMOEYE,850957
FTSVTTSR,ZXERAXWP,50773
WPQXWHYO,ZGJXVMNI,2561504
HXYSSRXE,ZKENOUDA,393844
ZXERAXWP,FTSVTTSR,166331
KAGJCHMR,VWMBASNE,112880
ATLDMDBO,BSRMSVTC,381304
FCYBOAXC,VUAFAIYJ,757181
OXKURKXR,SNHYOVBM,144274
MBSBZBXA,DNMPSKTB,5220577
STZDBITS,OXKURKXR,149594
XUOIQPFL,AXULOHBQ,48679
DDEXPPXU,LRVGFDFM,1754699
RCBZUSIM,NZKBIBNU,261011
XMKRPGLB,BSRMSVTC,390487
XIPPENFQ,VUAFAIYJ,687968
DNMPSKTB,FITUEHWN,64755
LPHPPJUG,WPQXWHYO,9401763
SAHWCZNH,UGEQLMXM,55743
DNMPSKTB,OXKURKXR,148926
ZCELVYQU,UQYUIVVR,4468174
VBYCLTYZ,SDWAYPIK,5647014
QRKRBYJL,DEWLVASR,406654
SNHYOVBM,UQYUIVVR,4527237
AANGBULD,EVBVXETX,4745468
DBWLZWNK,QVLMOEYE,846361
RJGPVEXX,DEWLVASR,408099
UGEQLMXM,JPBRUTWP,5587332
LUENUFGA,BJALXPFS,208485
KAGJCHMR,CCLHWFWF,18584292
BEZYMBBT,TGOELCAG,276343
JPBRUTWP,FQCLOEXA,1863649
WBLJNPZQ,SDWAYPIK,5682100
QRKRBYJL,LPHPPJUG,1145570
LPHPPJUG,XIFHSOWQ,45505
WBLJNPZQ,FCYBOAXC,113070264
WBLJNPZQ,ZKENOUDA,373274
DNMPSKTB,RJGPVEXX,667739
BTMOEMEP,ZKENOUDA,385235
WBLJNPZQ,ZGJXVMNI,2636594
UGEQLMXM,OKMBFVKS,2177186
OXKURKXR,SDWAYPIK,5668969
LUENUFGA,EVBVXETX,4751858
SDWAYPIK,FQCLOEXA,1889365
XUOIQPFL,OKMBFVKS,2177024
OXKURKXR,AXULOHBQ,49561
HXYSSRXE,VWMBASNE,120048
FQCLOEXA,SAHWCZNH,1569686
SDWAYPIK,JPBRUTWP,5614697
XUOIQPFL,FQCLOEXA,1884087
FQCLOEXA,NZKBIBNU,267382
LTOYKIML,LLHREMKS,37937
HCDTGMST,FQCLOEXA,1858966
UXSPKBJR,HCDTGMST,25418
VBYCLTYZ,BEZYMBBT,2598848
JPBRUTWP,ZKENOUDA,378641
WPQXWHYO,RJGPVEXX,725600
GKQIJYDH,XIFHSOWQ,41248
XUOIQPFL,HXYSSRXE,5526020
XUOIQPFL,ZGJXVMNI,2586217
VBYCLTYZ,XUOIQPFL,2442214
ZGJXVMNI,RJGPVEXX,691638
SDWAYPIK,DEWLVASR,407739
LRVGFDFM,PYZMVUWD,248
UXSPKBJR,LPHPPJUG,1167233
NZKBIBNU,FQCLOEXA,1834394
EVBVXETX,SAHWCZNH,1518520
UXSPKBJR,ZGJXVMNI,2591525
KEUWZRKO,UXSPKBJR,387531
YSYHGLQK,KJNSOAHR,14903561
TGOELCAG,JPBRUTWP,5580526
QVLMOEYE,NZKBIBNU,263453
DEWLVASR,FQCLOEXA,1883040
WPQXWHYO,NZKBIBNU,266963
OXKURKXR,DEWLVASR,402388
WBLJNPZQ,UGEQLMXM,56259
HXYSSRXE,SDWAYPIK,5645242
XUOIQPFL,OGAFEHLU,722
ATLDMDBO,VBYCLTYZ,416301
FCYBOAXC,NAQIHUKZ,224
QJQJSWFU,ATLDMDBO,40991424
CCLHWFWF,VWMBASNE,118921
EVBVXETX,AXULOHBQ,48828
LUENUFGA,ATLDMDBO,46719480
APQGTRMF,OKMBFVKS,2190500
UXSPKBJR,HXYSSRXE,5513828
SDWAYPIK,LPHPPJUG,1145611
KAGJCHMR,RJGPVEXX,685486
SNHYOVBM,WHPUAOID,38190
LLHREMKS,FWUCPMMW,23038
SDWAYPIK,UGEQLMXM,57555
QVLMOEYE,OKMBFVKS,2172523
DNMPSKTB,FQCLOEXA,1882841
KEUWZRKO,FRHNWLNI,826740
YSYHGLQK,FITUEHWN,56175
JBVHSUWY,UIFPPCLR,95713
FRHNWLNI,UGEQLMXM,56371
XUOIQPFL,DBWLZWNK,137494
ZKENOUDA,ZXERAXWP,59067
UQYUIVVR,JSLXRQOK,76
EVBVXETX,KJNSOAHR,15115292
WQMVCOEM,FRHNWLNI,919206
ROACSLMG,BSRMSVTC,393446
ZKENOUDA,WBLJNPZQ,161935
LRVGFDFM,JPBRUTWP,5683514
GYHKIVQT,FDXPMYGF,8242
FITUEHWN,SDWAYPIK,5738222
KAGJCHMR,ZKENOUDA,377988
OXKURKXR,ATLDMDBO,43807096
GYHKIVQT,WPQXWHYO,9456563
LPHPPJUG,SAHWCZNH,1524025
QVLMOEYE,VWMBASNE,110526
VBYCLTYZ,DBWLZWNK,138846
QVLMOEYE,VBYCLTYZ,456704
EVBVXETX,FRHNWLNI,863247
VBYCLTYZ,XIFHSOWQ,42116
AANGBULD,VMAQSTJE,28885
XUOIQPFL,VWMBASNE,117369
OGAFEHLU,VBYCLTYZ,457632
SAHWCZNH,WPQXWHYO,9366074
FRHNWLNI,RCBZUSIM,20691
LLHREMKS,MIRCVAMV,60806
AANGBULD,XIFHSOWQ,44390
BTMOEMEP,ATLDMDBO,50469672
DNMPSKTB,AANGBULD,496117
UXSPKBJR,RCBZUSIM,20661
SDWAYPIK,VMAQSTJE,29879
EVBVXETX,KEUWZRKO,383408
OXKURKXR,ZGJXVMNI,2625468
EVBVXETX,UGEQLMXM,55785
ATLDMDBO,BTMOEMEP,9951173
GYHKIVQT,AANGBULD,475589
HCDTGMST,HXYSSRXE,5671024
NZKBIBNU,XIFHSOWQ,44100
EVBVXETX,ATLDMDBO,49530048
KAGJCHMR,FQCLOEXA,1889503
BJALXPFS,KEUWZRKO,394573
BTMOEMEP,JBVHSUWY,401623
UQYUIVVR,UIFPPCLR,96261
EVBVXETX,DNMPSKTB,5145730
AXULOHBQ,HXYSSRXE,5581261
OXKURKXR,FQCLOEXA,1836814
RCBZUSIM,SDWAYPIK,5792324
VUAFAIYJ,XIPPENFQ,154589
SDWAYPIK,BEZYMBBT,2698939
HXYSSRXE,XIFHSOWQ,41066
XIFHSOWQ,ZXERAXWP,50714
STZDBITS,FWUCPMMW,21256
OXKURKXR,DNMPSKTB,5187628
JPBRUTWP,OGAFEHLU,603
LSOIUSXD,ATLDMDBO,41070388
QKXNTIIB,DBWLZWNK,141275
DEWLVASR,YSYHGLQK,1405
NAQIHUKZ,ZXERAXWP,59133
XUOIQPFL,RAWUKQMJ,3955326
BSRMSVTC,LLHREMKS,38172
ZCELVYQU,FITUEHWN,62920
QRKRBYJL,AANGBULD,490755
ZGJXVMNI,WPQXWHYO,9374492
NZKBIBNU,LLHREMKS,39620
UXSPKBJR,KEUWZRKO,331162
FTSVTTSR,ELQGMQWE,699805
HXYSSRXE,KEUWZRKO,362709
OXKURKXR,BEZYMBBT,2699690
DNMPSKTB,WPQXWHYO,9445873
RJGPVEXX,FITUEHWN,66704
KEUWZRKO,SAAYMURU,17764
BTMOEMEP,SDWAYPIK,5686106
LRVGFDFM,VWMBASNE,116833
ZKENOUDA,DNMPSKTB,5229078
WBLJNPZQ,XUOIQPFL,2422800
SUOYXCHP,VWMBASNE,114038
ZXERAXWP,DEWLVASR,406100
SAHWCZNH,LLHREMKS,38188
WBLJNPZQ,ATLDMDBO,44165504
NZKBIBNU,WPQXWHYO,9356896
ATLDMDBO,SAHWCZNH,1485167
APQGTRMF,LLHREMKS,38082
QVLMOEYE,FTSVTTSR,168810
SDWAYPIK,OGAFEHLU,949
APQGTRMF,SDWAYPIK,5736756
AANGBULD,ZXERAXWP,59369
YSYHGLQK,DEWLVASR,417962
ZGJXVMNI,NZKBIBNU,262435
UGEQLMXM,EVBVXETX,5047580
RAWUKQMJ,DNMPSKTB,5012304
VUAFAIYJ,FCYBOAXC,114547424
UQYUIVVR,BTMOEMEP,11005831
UGEQLMXM,OXKURKXR,147882
QVLMOEYE,LSOIUSXD,135494
WBLJNPZQ,HXYSSRXE,5520194
ATLDMDBO,LUENUFGA,3075124
LTOYKIML,SAHWCZNH,1516471
BTMOEMEP,RJGPVEXX,731638
SAHWCZNH,SNHYOVBM,133328
ZGJXVMNI,VMAQSTJE,28888
UGEQLMXM,BEZYMBBT,2702287
JPBRUTWP,SDWAYPIK,5698543
NZKBIBNU,KEUWZRKO,403597
DNMPSKTB,BEZYMBBT,2697686
KAGJCHMR,WBLJNPZQ,169335
NAQIHUKZ,AXULOHBQ,47935
BTMOEMEP,JPBRUTWP,5656246
OKMBFVKS,ZGJXVMNI,2560112
UGEQLMXM,KJNSOAHR,15233087
QRKRBYJL,RAWUKQMJ,3971499
KEUWZRKO,KAGJCHMR,1891
VUAFAIYJ,JERHKLYW,9266
JPBRUTWP,HXYSSRXE,5502456
BEZYMBBT,FQCLOEXA,1833390
XIPPENFQ,EVBVXETX,4777062
XIFHSOWQ,EVBVXETX,4959089
APQGTRMF,XUOIQPFL,2354146
RCBZUSIM,BTMOEMEP,10390183
HXYSSRXE,AXULOHBQ,46627
QRKRBYJL,XIFHSOWQ,41595
DBWLZWNK,HXYSSRXE,5525988
ATLDMDBO,UXSPKBJR,393799
PYZMVUWD,XUOIQPFL,2363304
NZKBIBNU,ZXERAXWP,59068
XIFHSOWQ,NZKBIBNU,261985
FTSVTTSR,BJALXPFS,222244
APQGTRMF,QVLMOEYE,849218
OXKURKXR,QRKRBYJL,2603098
OXKURKXR,UGEQLMXM,56389
XIFHSOWQ,JPBRUTWP,5585244
QVLMOEYE,BTMOEMEP,10091084
JPBRUTWP,LUENUFGA,3069252
LPHPPJUG,KAGJCHMR,2077
UIFPPCLR,WQMVCOEM,237
WPQXWHYO,ZCELVYQU,178874
LRVGFDFM,GYHKIVQT,24271840
LRVGFDFM,BSRMSVTC,397956
UGEQLMXM,VBYCLTYZ,456115
GKQIJYDH,LLHREMKS,38157
LUENUFGA,XIFHSOWQ,41322
HCDTGMST,ZKENOUDA,373259
QVLMOEYE,RAWUKQMJ,3967759
JPBRUTWP,RJGPVEXX,670389
JSLXRQOK,XIFHSOWQ,45555
LLHREMKS,JERHKLYW,9430
ELQGMQWE,VBYCLTYZ,438379
OKMBFVKS,ROACSLMG,2460066
OXKURKXR,ELQGMQWE,685922
QVLMOEYE,BEZYMBBT,2603547
WPQXWHYO,VMAQSTJE,29701
XUOIQPFL,LSOIUSXD,135108
FDXPMYGF,AANGBULD,539268
UXSPKBJR,RAWUKQMJ,3946362
BEZYMBBT,DBWLZWNK,138217
UIFPPCLR,OKMBFVKS,2167347
XUOIQPFL,FDXPMYGF,8467
SNHYOVBM,OXKURKXR,144576
FRHNWLNI,SAHWCZNH,1546135
LLHREMKS,UGEQLMXM,56155
LSOIUSXD,VWMBASNE,117389
ATLDMDBO,VWMBASNE,119177
OGAFEHLU,OKMBFVKS,2229016
UXSPKBJR,ATLDMDBO,42581596
SAHWCZNH,YSYHGLQK,1925
OJIFIHMZ,STZDBITS,19219000
SDWAYPIK,RAWUKQMJ,3966908
WBLJNPZQ,QVLMOEYE,861847
OXKURKXR,QVLMOEYE,841839
VBYCLTYZ,SAHWCZNH,1524327
QRKRBYJL,HXYSSRXE,5530828
OGAFEHLU,FQCLOEXA,1928372
ZKENOUDA,JPBRUTWP,5574670
OKMBFVKS,VWMBASNE,117218
AANGBULD,FITUEHWN,70387
LSOIUSXD,LRVGFDFM,1788772
CCLHWFWF,DUCMGGNW,455492
FCYBOAXC,ZXERAXWP,58071
GYHKIVQT,AXULOHBQ,46737
WPQXWHYO,EVBVXETX,4679061
BTMOEMEP,HXYSSRXE,5505006
WHPUAOID,UQYUIVVR,4444926
KEUWZRKO,AXULOHBQ,43388
HXYSSRXE,DEWLVASR,401737
NAQIHUKZ,DJBLNPNC,264
ATLDMDBO,AANGBULD,488258
JPBRUTWP,UGEQLMXM,57172
LUENUFGA,XIPPENFQ,151263
FWUCPMMW,ROACSLMG,2457742
XIFHSOWQ,WBLJNPZQ,169480
FTSVTTSR,AHMDUILJ,96113
QRKRBYJL,VWMBASNE,114789
FQCLOEXA,FITUEHWN,63124
RJGPVEXX,FCYBOAXC,113024984
XUOIQPFL,PYZMVUWD,216
IGDVVKUD,LLHREMKS,38919
GYHKIVQT,QRKRBYJL,2625376
VWMBASNE,FCYBOAXC,115571632
BEZYMBBT,HCDTGMST,50420
LSOIUSXD,DUCMGGNW,443408
MBSBZBXA,NAQIHUKZ,325
WBLJNPZQ,DUCMGGNW,455869
SAAYMURU,WHPUAOID,39596
RCBZUSIM,EVBVXETX,5074638
DUCMGGNW,LSOIUSXD,136570
WBLJNPZQ,LPHPPJUG,1142859
KEUWZRKO,DNMPSKTB,5328704
LRVGFDFM,HCDTGMST,50658
OGAFEHLU,JERHKLYW,9357
JBVHSUWY,SDWAYPIK,5665034
BTMOEMEP,EVBVXETX,5072252
CCLHWFWF,ZXERAXWP,51006
MBSBZBXA,OJIFIHMZ,2005553
DNMPSKTB,OGAFEHLU,521
WBLJNPZQ,CCLHWFWF,18729192
UQYUIVVR,FRHNWLNI,847691
LUENUFGA,LSOIUSXD,137127
QRKRBYJL,OGAFEHLU,826
FTSVTTSR,RCBZUSIM,20919
BTMOEMEP,SAHWCZNH,1502180
OXKURKXR,OKMBFVKS,2185436
ATLDMDBO,XUOIQPFL,2335681
JSLXRQOK,KEUWZRKO,414962
WHPUAOID,LTOYKIML,354992
RAWUKQMJ,FQCLOEXA,1845168
BEZYMBBT,GYHKIVQT,25653684
QRKRBYJL,BSRMSVTC,395295
RJGPVEXX,GYHKIVQT,25015816
SAHWCZNH,VBYCLTYZ,430308
WPQXWHYO,UXSPKBJR,394394
ZKENOUDA,RJGPVEXX,659641
WBLJNPZQ,GYHKIVQT,25175404
JERHKLYW,VUAFAIYJ,753580
LUENUFGA,WBLJNPZQ,169286
OGAFEHLU,BTMOEMEP,10723541
PYZMVUWD,XIPPENFQ,154964
XUOIQPFL,OXKURKXR,148311
OXKURKXR,WPQXWHYO,9467662
UIFPPCLR,GYHKIVQT,24868340
QRKRBYJL,ELQGMQWE,684570
ZCELVYQU,OGAFEHLU,1752
VBYCLTYZ,OKMBFVKS,2187486
LLHREMKS,VUAFAIYJ,752143
XIFHSOWQ,SAHWCZNH,1598126
ZKENOUDA,UQYUIVVR,4514484
DNMPSKTB,LPHPPJUG,1128226
JPBRUTWP,WPQXWHYO,9415797
BEZYMBBT,VBYCLTYZ,428556
IGDVVKUD,BUZIIBYG,15262548
LUENUFGA,KEUWZRKO,385779
UGEQLMXM,ZGJXVMNI,2534526
RAWUKQMJ,QRKRBYJL,2599176
DEWLVASR,WPQXWHYO,9476478
WPQXWHYO,KEUWZRKO,377784
UQYUIVVR,WHPUAOID,39600
LSOIUSXD,UGEQLMXM,56263
TGOELCAG,DNMPSKTB,5257790
ELQGMQWE,UIFPPCLR,96115
EVBVXETX,HCDTGMST,38323
LTOYKIML,APQGTRMF,54103
EVBVXETX,NZKBIBNU,267856
VBYCLTYZ,EVBVXETX,5063712
JPBRUTWP,EVBVXETX,5097698
KEUWZRKO,HXYSSRXE,5555283
NZKBIBNU,AANGBULD,495123
ZGJXVMNI,FQCLOEXA,1886864
HCDTGMST,DNMPSKTB,5323310
DUCMGGNW,FITUEHWN,66884
XUOIQPFL,ZXERAXWP,58723
ZGJXVMNI,AANGBULD,521860
ZCELVYQU,MIRCVAMV,60586
ZKENOUDA,QVLMOEYE,881813
VBYCLTYZ,WQMVCOEM,630
JBVHSUWY,OKMBFVKS,2171876
AHMDUILJ,BJALXPFS,219584
GKQIJYDH,KEUWZRKO,376240
WBLJNPZQ,VWMBASNE,117433
BTMOEMEP,WBLJNPZQ,178862
RAWUKQMJ,WPQXWHYO,9485828
HCDTGMST,UGEQLMXM,55677
ZKENOUDA,UGEQLMXM,55694
DJBLNPNC,BLANHGYY,3447
OKMBFVKS,SDWAYPIK,5822076
GYHKIVQT,HXYSSRXE,5540320
JPBRUTWP,BSRMSVTC,390139
APQGTRMF,DUCMGGNW,450067
JPBRUTWP,OKMBFVKS,2194213
JPBRUTWP,SAHWCZNH,1499659
XUOIQPFL,BSRMSVTC,395415
BTMOEMEP,UGEQLMXM,56266
UXSPKBJR,RJGPVEXX,680910
LSOIUSXD,FWUCPMMW,21492
HCDTGMST,WPQXWHYO,9475647
OKMBFVKS,DBWLZWNK,141871
ZGJXVMNI,ZXERAXWP,60388
ATLDMDBO,DBWLZWNK,137900
RCBZUSIM,BJALXPFS,212152
VUAFAIYJ,DEWLVASR,400961
ZCELVYQU,CCLHWFWF,17564540
TGOELCAG,XUOIQPFL,2324969
UGEQLMXM,ATLDMDBO,45846004
VBYCLTYZ,OGAFEHLU,922
RAWUKQMJ,NZKBIBNU,266667
NZKBIBNU,SAHWCZNH,1552510
VBYCLTYZ,JPBRUTWP,5647137
ZKENOUDA,WPQXWHYO,9495911
DNMPSKTB,FCYBOAXC,112303384
ATLDMDBO,XIFHSOWQ,41137
GYHKIVQT,VWMBASNE,118884
GYHKIVQT,NZKBIBNU,267777
ATLDMDBO,OXKURKXR,149994
SDWAYPIK,HXYSSRXE,5570296
AANGBULD,OKMBFVKS,2081268
LTOYKIML,STZDBITS,19163616
LPHPPJUG,ZKENOUDA,385633
MIRCVAMV,DEWLVASR,394901
BSRMSVTC,RJGPVEXX,679406
SUOYXCHP,DNMPSKTB,5348162
HXYSSRXE,SAHWCZNH,1497410
ZKENOUDA,EVBVXETX,4772248
HXYSSRXE,ZXERAXWP,58708
WQMVCOEM,RCBZUSIM,20478
SAHWCZNH,EVBVXETX,4935903
JPBRUTWP,DEWLVASR,412873
LUENUFGA,OXKURKXR,145792
GKQIJYDH,KAGJCHMR,1889
LUENUFGA,IGDVVKUD,11218
LRVGFDFM,LSOIUSXD,135088
QJQJSWFU,DEWLVASR,405202
DEWLVASR,DDEXPPXU,15585
FDXPMYGF,YSYHGLQK,1370
GYHKIVQT,RJGPVEXX,700015
LUENUFGA,ZXERAXWP,58716
SNHYOVBM,YSYHGLQK,1691
OKMBFVKS,LLHREMKS,37769
OJIFIHMZ,QKXNTIIB,1459365
HCDTGMST,WBLJNPZQ,165913
CCLHWFWF,FCYBOAXC,113123544
ATLDMDBO,KEUWZRKO,366158
ZCELVYQU,KJNSOAHR,15195595
DEWLVASR,VWMBASNE,114030
BSRMSVTC,WPQXWHYO,9641697
AXULOHBQ,VUAFAIYJ,752224
STZDBITS,ELQGMQWE,672862
DBWLZWNK,QRKRBYJL,2597466
VUAFAIYJ,VWMBASNE,114679
WHPUAOID,LPHPPJUG,1138478
SDWAYPIK,LUENUFGA,3081712
AANGBULD,AXULOHBQ,45217
LUENUFGA,GYHKIVQT,25345044
XIFHSOWQ,KEUWZRKO,331822
RJGPVEXX,KJNSOAHR,15220425
LPHPPJUG,VMAQSTJE,29277
OKMBFVKS,DEWLVASR,406750
ZGJXVMNI,OXKURKXR,147519
VWMBASNE,LLHREMKS,40579
BEZYMBBT,SDWAYPIK,5754432
ROACSLMG,BJALXPFS,226552
RJGPVEXX,SDWAYPIK,5665802
SAAYMURU,XIPPENFQ,154274
DBWLZWNK,CCLHWFWF,18166188
JPBRUTWP,AANGBULD,502927
WHPUAOID,APQGTRMF,43029
IGDVVKUD,STZDBITS,19880884
LSOIUSXD,LUENUFGA,3078431
RAWUKQMJ,EVBVXETX,5040167
DEWLVASR,RJGPVEXX,704662
XUOIQPFL,LRVGFDFM,1861899
NAQIHUKZ,VBYCLTYZ,446704
ATLDMDBO,DEWLVASR,403339
NZKBIBNU,EVBVXETX,4656922
GKQIJYDH,EVBVXETX,5049954
PYZMVUWD,QRKRBYJL,2732319
SNHYOVBM,DDEXPPXU,15572
HCDTGMST,SDWAYPIK,5649421
HXYSSRXE,AANGBULD,502826
LPHPPJUG,EVBVXETX,4784461
VWMBASNE,LRVGFDFM,2062763
DNMPSKTB,APQGTRMF,54932
SUOYXCHP,OXKURKXR,146171
RCBZUSIM,LPHPPJUG,1136742
XIFHSOWQ,FRHNWLNI,841301
DJBLNPNC,JERHKLYW,8865
WQMVCOEM,ZCELVYQU,178813
LUENUFGA,VWMBASNE,113885
DJBLNPNC,TGOELCAG,247890
ROACSLMG,JPBRUTWP,5556597
KEUWZRKO,JPBRUTWP,5634350
TGOELCAG,SAAYMURU,18083
LPHPPJUG,FITUEHWN,64350
UQYUIVVR,ZCELVYQU,182165
XIIEJNEE,HCDTGMST,36140
XUOIQPFL,BJALXPFS,226407
AHMDUILJ,UXSPKBJR,379079
WPQXWHYO,ZXERAXWP,58302
OGAFEHLU,CCLHWFWF,18114252
VBYCLTYZ,FTSVTTSR,159637
JERHKLYW,APQGTRMF,47391
UGEQLMXM,KAGJCHMR,2024
ATLDMDBO,KJNSOAHR,14673147
BEZYMBBT,LPHPPJUG,1123020
FDXPMYGF,BJALXPFS,196009
HXYSSRXE,BSRMSVTC,388378
JPBRUTWP,ELQGMQWE,670600
DNMPSKTB,AXULOHBQ,46528
WBLJNPZQ,RJGPVEXX,674447
ZKENOUDA,BEZYMBBT,2532649
BTMOEMEP,APQGTRMF,55016
APQGTRMF,VMAQSTJE,30887
ATLDMDBO,JERHKLYW,9439
SAHWCZNH,ATLDMDBO,45052572
VWMBASNE,DUCMGGNW,456261
VWMBASNE,FITUEHWN,63199
YSYHGLQK,OJIFIHMZ,2028435
FDXPMYGF,KJNSOAHR,15597245
UQYUIVVR,IGDVVKUD,11916
FCYBOAXC,JSLXRQOK,78
KEUWZRKO,UQYUIVVR,4334322
BSRMSVTC,ROACSLMG,2360346
YSYHGLQK,BUZIIBYG,15020967
QVLMOEYE,AANGBULD,515231
LRVGFDFM,ZKENOUDA,369226
DJBLNPNC,FQCLOEXA,1834493
ZGJXVMNI,ATLDMDBO,48952816
UGEQLMXM,FITUEHWN,63392
DBWLZWNK,LRVGFDFM,1864620
AHMDUILJ,SAHWCZNH,1550962
UIFPPCLR,LLHREMKS,36605
VBYCLTYZ,KEUWZRKO,406772
EVBVXETX,UXSPKBJR,400350
WBLJNPZQ,ELQGMQWE,687814
DEWLVASR,SAAYMURU,21774
CCLHWFWF,LSOIUSXD,136609
TGOELCAG,OJIFIHMZ,1915786
QRKRBYJL,LSOIUSXD,135118
QVLMOEYE,APQGTRMF,45388
LRVGFDFM,VUAFAIYJ,806491
LTOYKIML,SNHYOVBM,122739
UIFPPCLR,APQGTRMF,42220
DBWLZWNK,FQCLOEXA,1841996
ZXERAXWP,DBWLZWNK,139833
XUOIQPFL,VBYCLTYZ,455641
AANGBULD,IGDVVKUD,11977
BEZYMBBT,OKMBFVKS,2186068
VBYCLTYZ,AANGBULD,520232
QJQJSWFU,XIPPENFQ,149721
OKMBFVKS,WBLJNPZQ,176895
NZKBIBNU,ZGJXVMNI,2579984
DNMPSKTB,NZKBIBNU,263161
QRKRBYJL,OXKURKXR,145343
RCBZUSIM,OXKURKXR,146671
OXKURKXR,XUOIQPFL,2562149
XIIEJNEE,WHPUAOID,39141
BUZIIBYG,FTSVTTSR,158723
HXYSSRXE,KAGJCHMR,2713
BJALXPFS,FTSVTTSR,164042
SDWAYPIK,EVBVXETX,5069999
LSOIUSXD,CCLHWFWF,18039780
GKQIJYDH,DJBLNPNC,55
FWUCPMMW,AANGBULD,505796
OGAFEHLU,QVLMOEYE,864592
UIFPPCLR,XUOIQPFL,2441869
HCDTGMST,JPBRUTWP,5657988
FRHNWLNI,DNMPSKTB,5243210
KAGJCHMR,OGAFEHLU,1647
LPHPPJUG,HXYSSRXE,5567084
LUENUFGA,QRKRBYJL,2659243
VBYCLTYZ,ZXERAXWP,58857
LLHREMKS,BLANHGYY,3173
LLHREMKS,ZKENOUDA,375367
XUOIQPFL,KJNSOAHR,14791643
PYZMVUWD,OKMBFVKS,2175768
OKMBFVKS,QVLMOEYE,851612
BSRMSVTC,KAGJCHMR,2830
VMAQSTJE,MIRCVAMV,60016
NZKBIBNU,UXSPKBJR,366833
ZKENOUDA,WHPUAOID,40162
WBLJNPZQ,DNMPSKTB,5130178
YSYHGLQK,RAWUKQMJ,3991331
DNMPSKTB,VMAQSTJE,28508
XIFHSOWQ,ATLDMDBO,43260080
UGEQLMXM,LPHPPJUG,1134518
CCLHWFWF,OGAFEHLU,726
SAHWCZNH,NZKBIBNU,265448
CCLHWFWF,LRVGFDFM,1839614
DNMPSKTB,WBLJNPZQ,175251
FTSVTTSR,FDXPMYGF,8613
DBWLZWNK,FDXPMYGF,10909
LLHREMKS,FQCLOEXA,1853777
FQCLOEXA,KJNSOAHR,14929452
LPHPPJUG,NZKBIBNU,267438
SAHWCZNH,XIFHSOWQ,41527
OGAFEHLU,DEWLVASR,406403
LUENUFGA,BTMOEMEP,9979799
WBLJNPZQ,JBVHSUWY,406041
UIFPPCLR,SAHWCZNH,1611962
UGEQLMXM,ZXERAXWP,58926
DNMPSKTB,BSRMSVTC,387011
HCDTGMST,OGAFEHLU,464
EVBVXETX,ZGJXVMNI,2579868
RJGPVEXX,AHMDUILJ,97699
UQYUIVVR,OJIFIHMZ,2061337
XIIEJNEE,MBSBZBXA,3777406
FWUCPMMW,XIPPENFQ,145464
WHPUAOID,BLANHGYY,3459
OGAFEHLU,DDEXPPXU,15344
DNMPSKTB,ELQGMQWE,670600
KAGJCHMR,BUZIIBYG,15009712
ELQGMQWE,LTOYKIML,356216
RCBZUSIM,AXULOHBQ,44765
DJBLNPNC,OJIFIHMZ,2071601
FDXPMYGF,XUOIQPFL,2272110
LSOIUSXD,DEWLVASR,388839
WPQXWHYO,GKQIJYDH,5305324
RAWUKQMJ,HXYSSRXE,5608280
ZKENOUDA,FITUEHWN,63413
LRVGFDFM,HXYSSRXE,5587572
VBYCLTYZ,UGEQLMXM,56398
UGEQLMXM,HXYSSRXE,5616512
UGEQLMXM,FCYBOAXC,111437720
ZXERAXWP,BJALXPFS,207272
JSLXRQOK,UXSPKBJR,390279
RCBZUSIM,VBYCLTYZ,453031
GYHKIVQT,SAHWCZNH,1516590
RAWUKQMJ,JBVHSUWY,425722
HCDTGMST,GYHKIVQT,25337312
KEUWZRKO,RAWUKQMJ,3980034
CCLHWFWF,UIFPPCLR,97261
KJNSOAHR,QJQJSWFU,104104
NZKBIBNU,OKMBFVKS,2133748
BSRMSVTC,BEZYMBBT,2699958
LPHPPJUG,AXULOHBQ,44326
LPHPPJUG,FQCLOEXA,1894482
HXYSSRXE,FITUEHWN,67540
BLANHGYY,OGAFEHLU,823
ELQGMQWE,FQCLOEXA,1899656
RAWUKQMJ,KEUWZRKO,350807
XUOIQPFL,BEZYMBBT,2721654
MIRCVAMV,FITUEHWN,62871
DEWLVASR,KAGJCHMR,1698
BEZYMBBT,XMKRPGLB,738780
FDXPMYGF,XIIEJNEE,162
JBVHSUWY,QRKRBYJL,2577564
JBVHSUWY,GYHKIVQT,25789580
HCDTGMST,AANGBULD,490207
UGEQLMXM,DUCMGGNW,448762
VUAFAIYJ,APQGTRMF,47222
OGAFEHLU,FWUCPMMW,22572
FWUCPMMW,VBYCLTYZ,447666
LSOIUSXD,LLHREMKS,37680
XMKRPGLB,DUCMGGNW,417046
ATLDMDBO,LRVGFDFM,1852360
LRVGFDFM,AXULOHBQ,47033
AHMDUILJ,OJIFIHMZ,2070288
FQCLOEXA,FRHNWLNI,853991
SAAYMURU,JSLXRQOK,75
QRKRBYJL,HCDTGMST,29125
KJNSOAHR,XIIEJNEE,213
SDWAYPIK,OXKURKXR,146046
ELQGMQWE,BEZYMBBT,2595839
IGDVVKUD,ZXERAXWP,58951
OKMBFVKS,FTSVTTSR,158827
BUZIIBYG,FCYBOAXC,113665544
GYHKIVQT,LPHPPJUG,1141369
DNMPSKTB,HXYSSRXE,5574218
XIPPENFQ,QRKRBYJL,2642638
LRVGFDFM,DUCMGGNW,430287
QJQJSWFU,DDEXPPXU,15493
ATLDMDBO,BJALXPFS,226214
HCDTGMST,KEUWZRKO,386585
WHPUAOID,FTSVTTSR,154732
BTMOEMEP,XUOIQPFL,2330528
LLHREMKS,LSOIUSXD,136144
FDXPMYGF,JPBRUTWP,5662464
JBVHSUWY,QVLMOEYE,876904
RAWUKQMJ,XIFHSOWQ,42057
WBLJNPZQ,AXULOHBQ,48074
FDXPMYGF,DEWLVASR,408916
KEUWZRKO,WPQXWHYO,9493937
WBLJNPZQ,AANGBULD,511849
KEUWZRKO,SAHWCZNH,1552356
STZDBITS,LSOIUSXD,137316
JBVHSUWY,KJNSOAHR,15087036
ROACSLMG,HXYSSRXE,5618864
BEZYMBBT,ELQGMQWE,684593
ZGJXVMNI,WBLJNPZQ,165715
WBLJNPZQ,OXKURKXR,146307
LUENUFGA,JBVHSUWY,469069
SNHYOVBM,FRHNWLNI,858366
RAWUKQMJ,SAHWCZNH,1530657
XIFHSOWQ,ZKENOUDA,377016
NZKBIBNU,UGEQLMXM,56398
JBVHSUWY,XUOIQPFL,2487209
JPBRUTWP,JBVHSUWY,424433
FQCLOEXA,QJQJSWFU,104510
FWUCPMMW,BLANHGYY,3425
FQCLOEXA,ZXERAXWP,59760
HXYSSRXE,LUENUFGA,3082562
JBVHSUWY,BSRMSVTC,397399
FTSVTTSR,XIPPENFQ,152537
LRVGFDFM,ZGJXVMNI,2535820
ZCELVYQU,QRKRBYJL,2575925
PYZMVUWD,FWUCPMMW,22325
XIPPENFQ,WBLJNPZQ,163536
MBSBZBXA,DEWLVASR,398111
BJALXPFS,SAAYMURU,17722
UIFPPCLR,FQCLOEXA,1890549
EVBVXETX,FWUCPMMW,23323
HXYSSRXE,RAWUKQMJ,3946328
WBLJNPZQ,WQMVCOEM,217
EVBVXETX,QRKRBYJL,2582517
SDWAYPIK,AANGBULD,507362
XUOIQPFL,RJGPVEXX,691276
QVLMOEYE,ELQGMQWE,683354
AANGBULD,NZKBIBNU,266322
HCDTGMST,MIRCVAMV,60110
OXKURKXR,FITUEHWN,63338
YSYHGLQK,ZKENOUDA,377074
GYHKIVQT,FITUEHWN,65857
UXSPKBJR,FRHNWLNI,853940
VMAQSTJE,BLANHGYY,3160
KAGJCHMR,QRKRBYJL,2675531
XIIEJNEE,BLANHGYY,3790
FCYBOAXC,DNMPSKTB,5194727
BTMOEMEP,UXSPKBJR,395465
QRKRBYJL,SAHWCZNH,1529716
BSRMSVTC,EVBVXETX,4900491
LRVGFDFM,BJALXPFS,226215
SUOYXCHP,SAHWCZNH,1636505
APQGTRMF,BEZYMBBT,2724830
UIFPPCLR,BEZYMBBT,2690633
HCDTGMST,RAWUKQMJ,3978789
UGEQLMXM,LUENUFGA,3020692
HCDTGMST,KAGJCHMR,1646
MBSBZBXA,VBYCLTYZ,432681
FQCLOEXA,UQYUIVVR,4531392
QRKRBYJL,BEZYMBBT,2716957
WPQXWHYO,XIPPENFQ,149106
OKMBFVKS,CCLHWFWF,17991260
BTMOEMEP,BEZYMBBT,2708268
ATLDMDBO,OKMBFVKS,2195417
DJBLNPNC,VMAQSTJE,28884
DEWLVASR,FITUEHWN,65332
DEWLVASR,AHMDUILJ,97866
HXYSSRXE,OKMBFVKS,2201298
RJGPVEXX,UGEQLMXM,56952
BTMOEMEP,LLHREMKS,37205
VBYCLTYZ,APQGTRMF,45498
HXYSSRXE,JPBRUTWP,5592466
HCDTGMST,NZKBIBNU,262998
SAHWCZNH,QJQJSWFU,103382
HCDTGMST,BSRMSVTC,398626
QVLMOEYE,SAHWCZNH,1511930
LPHPPJUG,RJGPVEXX,761388
NZKBIBNU,WQMVCOEM,307
LLHREMKS,ROACSLMG,2410246
OXKURKXR,AANGBULD,518348
OKMBFVKS,BSRMSVTC,394151
UGEQLMXM,DBWLZWNK,139695
RAWUKQMJ,FDXPMYGF,9942
FRHNWLNI,FWUCPMMW,23688
ZXERAXWP,UIFPPCLR,95909
RJGPVEXX,APQGTRMF,55127
DNMPSKTB,DEWLVASR,403179
NAQIHUKZ,STZDBITS,20053404
OGAFEHLU,SAHWCZNH,1488726
RCBZUSIM,ZGJXVMNI,2564500
AXULOHBQ,HCDTGMST,46826
BJALXPFS,FITUEHWN,61531
AXULOHBQ,FQCLOEXA,1903339
LSOIUSXD,FCYBOAXC,108977800
DBWLZWNK,DUCMGGNW,418604
IGDVVKUD,SNHYOVBM,122357
RJGPVEXX,WPQXWHYO,9607534
PYZMVUWD,DUCMGGNW,463285
KAGJCHMR,ATLDMDBO,41507936
FRHNWLNI,ZKENOUDA,375177
OXKURKXR,UIFPPCLR,95160
ROACSLMG,AXULOHBQ,47965
LUENUFGA,SAHWCZNH,1543838
RAWUKQMJ,ZGJXVMNI,2636660
UXSPKBJR,QVLMOEYE,848840
NZKBIBNU,GKQIJYDH,4968803
ELQGMQWE,GYHKIVQT,24997884
BLANHGYY,MIRCVAMV,59611
NZKBIBNU,FRHNWLNI,854438
DBWLZWNK,DNMPSKTB,5250540
DUCMGGNW,VBYCLTYZ,445215
XIFHSOWQ,UXSPKBJR,392632
SAHWCZNH,MIRCVAMV,60312
PYZMVUWD,APQGTRMF,42140
OGAFEHLU,HXYSSRXE,5678319
FRHNWLNI,UIFPPCLR,96670
SUOYXCHP,FRHNWLNI,801241
BTMOEMEP,FQCLOEXA,1891965
FDXPMYGF,UXSPKBJR,392162
ROACSLMG,XMKRPGLB,727421
XIFHSOWQ,PYZMVUWD,57
TGOELCAG,UGEQLMXM,55569
LRVGFDFM,VBYCLTYZ,458445
VBYCLTYZ,KAGJCHMR,1852
KEUWZRKO,ATLDMDBO,50769164
ATLDMDBO,QJQJSWFU,104359
LRVGFDFM,XUOIQPFL,2403716
QJQJSWFU,AHMDUILJ,97509
SDWAYPIK,BSRMSVTC,393779
WBLJNPZQ,XIPPENFQ,148970
DBWLZWNK,VUAFAIYJ,772239
UGEQLMXM,VMAQSTJE,28586
HXYSSRXE,LPHPPJUG,1139113
UXSPKBJR,LUENUFGA,3068708
NZKBIBNU,XIPPENFQ,149415
VMAQSTJE,XIIEJNEE,177
QKXNTIIB,ATLDMDBO,45497124
BSRMSVTC,VBYCLTYZ,442262
APQGTRMF,LRVGFDFM,1873932
MBSBZBXA,FCYBOAXC,113745792
AXULOHBQ,ZXERAXWP,58196
ROACSLMG,DJBLNPNC,31
LUENUFGA,AANGBULD,488800
RCBZUSIM,DNMPSKTB,5246180
FQCLOEXA,FWUCPMMW,23581
MBSBZBXA,QVLMOEYE,921990
OGAFEHLU,ZGJXVMNI,2692874
JBVHSUWY,JERHKLYW,9179
RAWUKQMJ,RJGPVEXX,690816
OJIFIHMZ,LTOYKIML,357815
QRKRBYJL,RCBZUSIM,17513
OGAFEHLU,GYHKIVQT,21944268
YSYHGLQK,FTSVTTSR,160270
LPHPPJUG,AHMDUILJ,98324
ZKENOUDA,FQCLOEXA,1867100
XIIEJNEE,KAGJCHMR,1690
HXYSSRXE,FTSVTTSR,162908
BSRMSVTC,FITUEHWN,60826
LLHREMKS,XIPPENFQ,151017
LRVGFDFM,APQGTRMF,52531
JPBRUTWP,NAQIHUKZ,551
SAHWCZNH,ZGJXVMNI,2580794
KAGJCHMR,FTSVTTSR,159675
DUCMGGNW,JPBRUTWP,5651938
JPBRUTWP,APQGTRMF,52252
DEWLVASR,STZDBITS,18976840
ATLDMDBO,APQGTRMF,55304
PYZMVUWD,VUAFAIYJ,730297
KJNSOAHR,WQMVCOEM,396
FITUEHWN,LSOIUSXD,135700
ZKENOUDA,APQGTRMF,47595
APQGTRMF,ELQGMQWE,685367
UGEQLMXM,RAWUKQMJ,3944416
OGAFEHLU,UGEQLMXM,56144
ZGJXVMNI,LPHPPJUG,1105948
OXKURKXR,JBVHSUWY,413414
HCDTGMST,EVBVXETX,4768314
UQYUIVVR,ELQGMQWE,683742
UQYUIVVR,BJALXPFS,224614
QJQJSWFU,VWMBASNE,117341
OKMBFVKS,VMAQSTJE,29234
XIPPENFQ,NZKBIBNU,262543
SAHWCZNH,XIPPENFQ,147270
LUENUFGA,HXYSSRXE,5589656
CCLHWFWF,JERHKLYW,9275
RJGPVEXX,ZXERAXWP,59867
BTMOEMEP,HCDTGMST,38776
VUAFAIYJ,BLANHGYY,3346
JPBRUTWP,VWMBASNE,118855
UQYUIVVR,KEUWZRKO,368261
XIPPENFQ,FITUEHWN,64913
JBVHSUWY,ZXERAXWP,58930
OJIFIHMZ,AXULOHBQ,48072
MIRCVAMV,PYZMVUWD,65
JSLXRQOK,SUOYXCHP,383
RJGPVEXX,FRHNWLNI,853846
BTMOEMEP,FDXPMYGF,9746
DJBLNPNC,HCDTGMST,46516
QVLMOEYE,FDXPMYGF,9918
QKXNTIIB,JERHKLYW,9175
LRVGFDFM,RCBZUSIM,22100
PYZMVUWD,ZXERAXWP,58622
KAGJCHMR,PYZMVUWD,64
XUOIQPFL,EVBVXETX,5042710
FCYBOAXC,CCLHWFWF,17959580
BEZYMBBT,QVLMOEYE,854894
ZGJXVMNI,BEZYMBBT,2576657
IGDVVKUD,FDXPMYGF,9957
DBWLZWNK,KAGJCHMR,1862
YSYHGLQK,NZKBIBNU,259367
BSRMSVTC,WHPUAOID,38106
HXYSSRXE,OGAFEHLU,639
FTSVTTSR,RJGPVEXX,690677
LRVGFDFM,SNHYOVBM,133873
FRHNWLNI,LUENUFGA,3047581
ZGJXVMNI,MBSBZBXA,3912762
ZKENOUDA,KAGJCHMR,1640
RJGPVEXX,XIFHSOWQ,42300
FRHNWLNI,KJNSOAHR,14961008
RJGPVEXX,AANGBULD,520193
ZKENOUDA,LSOIUSXD,136960
QJQJSWFU,SNHYOVBM,120248
ZXERAXWP,BEZYMBBT,2585548
LTOYKIML,VUAFAIYJ,744446
WBLJNPZQ,ZXERAXWP,59265
LRVGFDFM,BEZYMBBT,2612446
ATLDMDBO,PYZMVUWD,267
LUENUFGA,SDWAYPIK,5796629
OXKURKXR,LSOIUSXD,135248
UGEQLMXM,AANGBULD,522357
NZKBIBNU,DJBLNPNC,70
SDWAYPIK,ELQGMQWE,679802
JPBRUTWP,AXULOHBQ,46897
XUOIQPFL,FCYBOAXC,112048984
ZGJXVMNI,ELQGMQWE,682036
OKMBFVKS,LSOIUSXD,135640
WBLJNPZQ,FWUCPMMW,22563
TGOELCAG,KEUWZRKO,385311
OGAFEHLU,QRKRBYJL,2603212
MBSBZBXA,QJQJSWFU,121526
XUOIQPFL,AANGBULD,502927
RCBZUSIM,ZKENOUDA,379654
GYHKIVQT,LLHREMKS,37266
OGAFEHLU,ATLDMDBO,40114480
HCDTGMST,QVLMOEYE,878686
GKQIJYDH,KJNSOAHR,15300556
SAAYMURU,RAWUKQMJ,3951619
SAHWCZNH,APQGTRMF,54305
ZGJXVMNI,VWMBASNE,113736
OGAFEHLU,BEZYMBBT,2598583
FDXPMYGF,BEZYMBBT,2545640
XIPPENFQ,JERHKLYW,9278
XUOIQPFL,HCDTGMST,41600
ZKENOUDA,FCYBOAXC,111069768
BUZIIBYG,BSRMSVTC,392489
LRVGFDFM,BTMOEMEP,10740940
JPBRUTWP,NZKBIBNU,262952
XIPPENFQ,UGEQLMXM,55749
RCBZUSIM,GYHKIVQT,22531300
KJNSOAHR,LUENUFGA,3062691
ZGJXVMNI,DBWLZWNK,137375
FRHNWLNI,LPHPPJUG,1131792
BSRMSVTC,ZGJXVMNI,2592825
WPQXWHYO,UQYUIVVR,4377074
VMAQSTJE,IGDVVKUD,11594
AXULOHBQ,FWUCPMMW,21394
OXKURKXR,BSRMSVTC,394877
DUCMGGNW,DJBLNPNC,47
AHMDUILJ,LTOYKIML,354805
WBLJNPZQ,HCDTGMST,29621
DNMPSKTB,KAGJCHMR,3169
LSOIUSXD,XIFHSOWQ,41828
FQCLOEXA,KEUWZRKO,386421
NAQIHUKZ,JSLXRQOK,64
XUOIQPFL,LPHPPJUG,1141110
FRHNWLNI,BTMOEMEP,11098605
QVLMOEYE,QJQJSWFU,102902
NAQIHUKZ,LRVGFDFM,1799148
DDEXPPXU,OXKURKXR,144760
AHMDUILJ,KAGJCHMR,1769
DEWLVASR,HCDTGMST,32057
WBLJNPZQ,KJNSOAHR,15214591
DNMPSKTB,VBYCLTYZ,440472
ZKENOUDA,ELQGMQWE,683081
HCDTGMST,SAHWCZNH,1591977
VMAQSTJE,ZXERAXWP,58580
MIRCVAMV,UGEQLMXM,55018
VBYCLTYZ,LUENUFGA,3020648
JBVHSUWY,STZDBITS,18983428
VUAFAIYJ,ZXERAXWP,59923
RJGPVEXX,OKMBFVKS,2143147
KJNSOAHR,FWUCPMMW,22272
VWMBASNE,PYZMVUWD,256
DEWLVASR,NZKBIBNU,262206
BUZIIBYG,HXYSSRXE,5587993
WHPUAOID,WBLJNPZQ,162657
FWUCPMMW,WPQXWHYO,9490859
UIFPPCLR,LPHPPJUG,1152451
FWUCPMMW,FTSVTTSR,160701
DEWLVASR,ZXERAXWP,60102
BJALXPFS,ATLDMDBO,41487200
QJQJSWFU,WQMVCOEM,360
BUZIIBYG,FWUCPMMW,21258
APQGTRMF,OGAFEHLU,2500
OGAFEHLU,SDWAYPIK,5560732
SDWAYPIK,RJGPVEXX,695212
QJQJSWFU,VMAQSTJE,29128
XIFHSOWQ,QRKRBYJL,2594406
UGEQLMXM,APQGTRMF,40242
QJQJSWFU,YSYHGLQK,1391
AHMDUILJ,YSYHGLQK,1269
IGDVVKUD,YSYHGLQK,1585
PYZMVUWD,WBLJNPZQ,178671
ZKENOUDA,FRHNWLNI,824044
UQYUIVVR,NZKBIBNU,263799
WBLJNPZQ,MBSBZBXA,3878286
UIFPPCLR,QJQJSWFU,102966
KEUWZRKO,LUENUFGA,3071832
BUZIIBYG,FITUEHWN,65642
DBWLZWNK,ZKENOUDA,375211
ELQGMQWE,SDWAYPIK,5726512
LPHPPJUG,QJQJSWFU,103752
UXSPKBJR,JPBRUTWP,5622290
NAQIHUKZ,LSOIUSXD,125209
LUENUFGA,LPHPPJUG,1106473
QVLMOEYE,OGAFEHLU,1098
YSYHGLQK,AHMDUILJ,97081
DJBLNPNC,ATLDMDBO,43526752
ZKENOUDA,QJQJSWFU,120846
LPHPPJUG,VWMBASNE,115228
BSRMSVTC,XIPPENFQ,149215
GKQIJYDH,SAAYMURU,17854
OKMBFVKS,LUENUFGA,3085302
LRVGFDFM,SDWAYPIK,5740992
XUOIQPFL,DEWLVASR,403160
RCBZUSIM,LUENUFGA,3037385
KEUWZRKO,QRKRBYJL,2576670
APQGTRMF,RCBZUSIM,20737
FRHNWLNI,XIPPENFQ,147817
RCBZUSIM,ATLDMDBO,42339444
WHPUAOID,XIPPENFQ,145513
HXYSSRXE,ATLDMDBO,48315736
NZKBIBNU,ZCELVYQU,182437
VUAFAIYJ,BTMOEMEP,10967169
ATLDMDBO,LSOIUSXD,135347
AHMDUILJ,JPBRUTWP,5640356
VMAQSTJE,KJNSOAHR,15256436
SAAYMURU,QJQJSWFU,103080
ROACSLMG,ZXERAXWP,59261
ZGJXVMNI,VBYCLTYZ,397234
KAGJCHMR,FCYBOAXC,111577880
LTOYKIML,CCLHWFWF,18215732
XUOIQPFL,CCLHWFWF,18014436
WHPUAOID,FDXPMYGF,11583
XIFHSOWQ,FWUCPMMW,21906
BLANHGYY,NAQIHUKZ,577
YSYHGLQK,WQMVCOEM,640
QKXNTIIB,LTOYKIML,375446
LPHPPJUG,KEUWZRKO,388224
UIFPPCLR,XIIEJNEE,173
XIPPENFQ,FCYBOAXC,112061808
FCYBOAXC,IGDVVKUD,11603
UXSPKBJR,XIFHSOWQ,42190
KEUWZRKO,XIFHSOWQ,41847
OGAFEHLU,WBLJNPZQ,172977
LSOIUSXD,KAGJCHMR,1960
MBSBZBXA,KEUWZRKO,370094
JERHKLYW,QVLMOEYE,881221
UIFPPCLR,OGAFEHLU,1738
OKMBFVKS,JPBRUTWP,5621571
BUZIIBYG,DJBLNPNC,37
EVBVXETX,SDWAYPIK,5703588
QVLMOEYE,RCBZUSIM,19672
OGAFEHLU,AANGBULD,523831
XIFHSOWQ,FCYBOAXC,108824712
OXKURKXR,DBWLZWNK,139505
ROACSLMG,BTMOEMEP,10111854
KAGJCHMR,UGEQLMXM,55281
BTMOEMEP,DEWLVASR,403354
FITUEHWN,LUENUFGA,3030649
FITUEHWN,UIFPPCLR,96446
YSYHGLQK,FRHNWLNI,896567
ATLDMDBO,RCBZUSIM,12789
SDWAYPIK,JBVHSUWY,411802
APQGTRMF,LPHPPJUG,1155811
SDWAYPIK,WBLJNPZQ,178933
ZKENOUDA,QRKRBYJL,2578066
JSLXRQOK,UGEQLMXM,56333
LUENUFGA,QVLMOEYE,887668
QJQJSWFU,VBYCLTYZ,437511
SAHWCZNH,AXULOHBQ,43416
RAWUKQMJ,SDWAYPIK,5717896
RJGPVEXX,UQYUIVVR,4576074
TGOELCAG,ZGJXVMNI,2594067
QRKRBYJL,UIFPPCLR,97666
DNMPSKTB,FTSVTTSR,163900
SUOYXCHP,ZCELVYQU,177300
DNMPSKTB,ZXERAXWP,58723
AANGBULD,SDWAYPIK,5686735
QRKRBYJL,JBVHSUWY,423246
VUAFAIYJ,LRVGFDFM,1796734
FQCLOEXA,XIPPENFQ,148195
TGOELCAG,GKQIJYDH,4482976
PYZMVUWD,BSRMSVTC,429797
KEUWZRKO,HCDTGMST,47766
FWUCPMMW,XIIEJNEE,176
VMAQSTJE,FITUEHWN,63289
ATLDMDBO,UIFPPCLR,94165
LRVGFDFM,CCLHWFWF,18011208
APQGTRMF,WBLJNPZQ,173686
BJALXPFS,YSYHGLQK,1823
VBYCLTYZ,OXKURKXR,145046
BLANHGYY,MBSBZBXA,3807098
KEUWZRKO,AANGBULD,533628
FQCLOEXA,AXULOHBQ,48071
GKQIJYDH,SAHWCZNH,1512221
OKMBFVKS,RJGPVEXX,663353
LPHPPJUG,KJNSOAHR,15221354
ZKENOUDA,VMAQSTJE,29842
WBLJNPZQ,BJALXPFS,216238
RCBZUSIM,APQGTRMF,42568
XIFHSOWQ,DNMPSKTB,5296982
OKMBFVKS,BEZYMBBT,2597022
WQMVCOEM,LTOYKIML,354581
DBWLZWNK,JPBRUTWP,5637129
SUOYXCHP,APQGTRMF,40873
UXSPKBJR,UGEQLMXM,54770
VBYCLTYZ,NZKBIBNU,261890
STZDBITS,ROACSLMG,2392797
AANGBULD,APQGTRMF,54233
HXYSSRXE,UQYUIVVR,4432717
BJALXPFS,XIFHSOWQ,41862
JSLXRQOK,MBSBZBXA,3877276
KEUWZRKO,FQCLOEXA,1861839
BJALXPFS,DNMPSKTB,5249003
UIFPPCLR,ZGJXVMNI,2591070
OKMBFVKS,KJNSOAHR,14835862
BSRMSVTC,OXKURKXR,144610
AANGBULD,LPHPPJUG,1106156
UQYUIVVR,ZXERAXWP,59708
SAHWCZNH,DBWLZWNK,140716
AANGBULD,ELQGMQWE,677128
DBWLZWNK,GYHKIVQT,24433296
UGEQLMXM,JERHKLYW,9287
VWMBASNE,APQGTRMF,54475
JERHKLYW,OKMBFVKS,2159225
APQGTRMF,AXULOHBQ,48072
OJIFIHMZ,BUZIIBYG,15259405
XMKRPGLB,MIRCVAMV,59314
VBYCLTYZ,XMKRPGLB,757184
FDXPMYGF,BSRMSVTC,408725
XIIEJNEE,BJALXPFS,191816
VMAQSTJE,RAWUKQMJ,3858917
QVLMOEYE,BSRMSVTC,396372
QVLMOEYE,HCDTGMST,32833
VUAFAIYJ,IGDVVKUD,11669
FQCLOEXA,FTSVTTSR,156142
DJBLNPNC,UGEQLMXM,56347
WQMVCOEM,UXSPKBJR,377200
HXYSSRXE,BEZYMBBT,2610033
OXKURKXR,LPHPPJUG,1115445
IGDVVKUD,XIFHSOWQ,41907
VUAFAIYJ,WQMVCOEM,344
DBWLZWNK,RCBZUSIM,18577
RCBZUSIM,RJGPVEXX,677977
GKQIJYDH,APQGTRMF,56006
DNMPSKTB,RAWUKQMJ,3956416
QJQJSWFU,BEZYMBBT,2623181
FRHNWLNI,AXULOHBQ,48789
QJQJSWFU,FDXPMYGF,9366
SUOYXCHP,RJGPVEXX,656745
JPBRUTWP,OXKURKXR,148203
VUAFAIYJ,FWUCPMMW,22377
XIFHSOWQ,VWMBASNE,114459
OKMBFVKS,HXYSSRXE,5621164
NAQIHUKZ,RJGPVEXX,686694
AHMDUILJ,UQYUIVVR,4575049
AHMDUILJ,AANGBULD,521161
AXULOHBQ,LLHREMKS,37775
APQGTRMF,FQCLOEXA,1878739
APQGTRMF,KJNSOAHR,15042958
GKQIJYDH,DEWLVASR,398955
ZKENOUDA,DUCMGGNW,452527
ELQGMQWE,FITUEHWN,66551
XIIEJNEE,FWUCPMMW,23482
UIFPPCLR,KJNSOAHR,15067452
FCYBOAXC,WBLJNPZQ,176892
WQMVCOEM,HXYSSRXE,5595704
FTSVTTSR,UIFPPCLR,96472
FTSVTTSR,LRVGFDFM,1847299
ELQGMQWE,ZKENOUDA,374707
SNHYOVBM,IGDVVKUD,12015
XIPPENFQ,XUOIQPFL,2353978
SUOYXCHP,UIFPPCLR,100049
DDEXPPXU,NAQIHUKZ,716
JPBRUTWP,VBYCLTYZ,446476
ZGJXVMNI,SAHWCZNH,1567238
FQCLOEXA,RJGPVEXX,678184
XIPPENFQ,DEWLVASR,401547
BEZYMBBT,JPBRUTWP,5618956
KJNSOAHR,OXKURKXR,146156
GYHKIVQT,BSRMSVTC,388282
EVBVXETX,WQMVCOEM,409
LRVGFDFM,FCYBOAXC,113075224
ZKENOUDA,AXULOHBQ,45220
BUZIIBYG,LSOIUSXD,135572
KEUWZRKO,BTMOEMEP,10870474
SDWAYPIK,AXULOHBQ,47916
HCDTGMST,XIFHSOWQ,41851
JPBRUTWP,HCDTGMST,35733
QJQJSWFU,DUCMGGNW,425857
FWUCPMMW,LLHREMKS,39599
AHMDUILJ,RAWUKQMJ,3997124
BSRMSVTC,UQYUIVVR,4493835
QKXNTIIB,TGOELCAG,263039
OGAFEHLU,ZKENOUDA,374719
VUAFAIYJ,DUCMGGNW,442205
DDEXPPXU,CCLHWFWF,18782460
LPHPPJUG,GYHKIVQT,24890264
OGAFEHLU,JPBRUTWP,5662928
PYZMVUWD,NZKBIBNU,256840
DEWLVASR,XUOIQPFL,2606374
HCDTGMST,UXSPKBJR,380676
KJNSOAHR,XUOIQPFL,2361244
FITUEHWN,ZXERAXWP,60032
SAAYMURU,MBSBZBXA,3934288
JPBRUTWP,RCBZUSIM,19763
SAAYMURU,BTMOEMEP,9897566
LRVGFDFM,DNMPSKTB,5241294
UIFPPCLR,QRKRBYJL,2628239
LTOYKIML,ZCELVYQU,181475
OKMBFVKS,VBYCLTYZ,438318
RAWUKQMJ,MIRCVAMV,60108
RJGPVEXX,ELQGMQWE,684044
SAHWCZNH,ZXERAXWP,58998
LRVGFDFM,RJGPVEXX,705844
UGEQLMXM,HCDTGMST,35901
DEWLVASR,ELQGMQWE,684035
JPBRUTWP,BTMOEMEP,10080677
BTMOEMEP,FTSVTTSR,163310
JBVHSUWY,LTOYKIML,378117
UXSPKBJR,QRKRBYJL,2631924
SAHWCZNH,LSOIUSXD,136398
ROACSLMG,UQYUIVVR,4432396
HXYSSRXE,QVLMOEYE,849004
SDWAYPIK,NZKBIBNU,264190
LRVGFDFM,JERHKLYW,9102
VWMBASNE,ZXERAXWP,58889
JBVHSUWY,OXKURKXR,145772
ELQGMQWE,LLHREMKS,38711
RAWUKQMJ,UXSPKBJR,398312
ZKENOUDA,XIFHSOWQ,42231
IGDVVKUD,AANGBULD,552403
OJIFIHMZ,XIIEJNEE,174
DBWLZWNK,SAHWCZNH,1507773
KAGJCHMR,WHPUAOID,40457
XIFHSOWQ,GKQIJYDH,4942177
MIRCVAMV,DJBLNPNC,213
JSLXRQOK,SNHYOVBM,123005
MIRCVAMV,LSOIUSXD,136582
XMKRPGLB,BLANHGYY,4072
IGDVVKUD,PYZMVUWD,90
NAQIHUKZ,AHMDUILJ,95319
SNHYOVBM,VBYCLTYZ,455550
DBWLZWNK,YSYHGLQK,1266
ELQGMQWE,DBWLZWNK,150307
BJALXPFS,XIPPENFQ,145179
MBSBZBXA,SAAYMURU,18168
FRHNWLNI,ATLDMDBO,46865852
OXKURKXR,HXYSSRXE,5595560
VMAQSTJE,XMKRPGLB,760724
DUCMGGNW,XIFHSOWQ,42057
VWMBASNE,JSLXRQOK,46
CCLHWFWF,VBYCLTYZ,441119
LRVGFDFM,UGEQLMXM,55115
BTMOEMEP,ELQGMQWE,678343
JPBRUTWP,UIFPPCLR,98596
ZKENOUDA,FDXPMYGF,10620
QVLMOEYE,OXKURKXR,148239
QJQJSWFU,UGEQLMXM,54757
UIFPPCLR,STZDBITS,19330432
WHPUAOID,QJQJSWFU,120465
LTOYKIML,SAAYMURU,17811
MIRCVAMV,ZKENOUDA,363809
WQMVCOEM,KEUWZRKO,372508
YSYHGLQK,SAAYMURU,18162
ZXERAXWP,KEUWZRKO,375674
VUAFAIYJ,AANGBULD,533529
HCDTGMST,VWMBASNE,114783
BUZIIBYG,WQMVCOEM,680
LSOIUSXD,AXULOHBQ,43632
MBSBZBXA,HXYSSRXE,5617568
DJBLNPNC,FWUCPMMW,24174
ZCELVYQU,XUOIQPFL,2372105
XUOIQPFL,FITUEHWN,67439
RCBZUSIM,OGAFEHLU,1079
VUAFAIYJ,HXYSSRXE,5601246
SDWAYPIK,FITUEHWN,67259
LLHREMKS,SNHYOVBM,125592
ZGJXVMNI,OGAFEHLU,1021
OKMBFVKS,ZKENOUDA,375211
FRHNWLNI,RAWUKQMJ,3965134
KAGJCHMR,HXYSSRXE,5587972
XIFHSOWQ,HXYSSRXE,5599505
ELQGMQWE,VMAQSTJE,28987
GYHKIVQT,UIFPPCLR,98216
NAQIHUKZ,VMAQSTJE,31233
JBVHSUWY,VBYCLTYZ,437596
DJBLNPNC,GYHKIVQT,24023452
LTOYKIML,LRVGFDFM,1818572
AANGBULD,ZKENOUDA,361537
LSOIUSXD,FITUEHWN,60306
WQMVCOEM,XIPPENFQ,151145
FQCLOEXA,LTOYKIML,356537
OKMBFVKS,BTMOEMEP,10104682
DBWLZWNK,VMAQSTJE,28379
OXKURKXR,NZKBIBNU,266150
LLHREMKS,ELQGMQWE,699419
ROACSLMG,WHPUAOID,40097
LTOYKIML,OXKURKXR,146245
ZCELVYQU,UIFPPCLR,97353
UIFPPCLR,OXKURKXR,144460
JSLXRQOK,FDXPMYGF,10326
FQCLOEXA,HXYSSRXE,5612668
FTSVTTSR,VWMBASNE,115733
WBLJNPZQ,LRVGFDFM,1830275
BJALXPFS,WHPUAOID,39943
MIRCVAMV,ELQGMQWE,686108
DJBLNPNC,YSYHGLQK,1320
SAHWCZNH,HXYSSRXE,5616973
PYZMVUWD,SDWAYPIK,5519458
KJNSOAHR,FRHNWLNI,882669
FCYBOAXC,BTMOEMEP,9886755
UXSPKBJR,SAAYMURU,17667
JBVHSUWY,ATLDMDBO,44976328
OKMBFVKS,JSLXRQOK,65
DBWLZWNK,WBLJNPZQ,171965
QRKRBYJL,KEUWZRKO,376220
APQGTRMF,UGEQLMXM,54757
NZKBIBNU,APQGTRMF,55900
VMAQSTJE,UQYUIVVR,4493402
WBLJNPZQ,PYZMVUWD,90
WBLJNPZQ,FQCLOEXA,1869554
LSOIUSXD,QRKRBYJL,2612937
UQYUIVVR,VUAFAIYJ,686000
WBLJNPZQ,OGAFEHLU,831
BJALXPFS,RJGPVEXX,689185
FITUEHWN,OGAFEHLU,838
JSLXRQOK,LUENUFGA,3235303
BEZYMBBT,APQGTRMF,40859
OXKURKXR,LUENUFGA,3021599
KAGJCHMR,XUOIQPFL,2389522
QVLMOEYE,KAGJCHMR,1604
LLHREMKS,QKXNTIIB,1575535
KAGJCHMR,LPHPPJUG,1109546
KJNSOAHR,APQGTRMF,55735
AHMDUILJ,FDXPMYGF,9384
ZGJXVMNI,UIFPPCLR,98140
XMKRPGLB,ROACSLMG,2391852
TGOELCAG,WHPUAOID,39941
DJBLNPNC,DBWLZWNK,116678
JSLXRQOK,YSYHGLQK,1832
AANGBULD,GYHKIVQT,25042648
NAQIHUKZ,RCBZUSIM,17313
OKMBFVKS,AANGBULD,499687
BTMOEMEP,DBWLZWNK,135453
OXKURKXR,RAWUKQMJ,3972901
ELQGMQWE,GKQIJYDH,4483326
UGEQLMXM,OGAFEHLU,1003
RCBZUSIM,BUZIIBYG,15248145
BTMOEMEP,NZKBIBNU,263540
BTMOEMEP,VMAQSTJE,27378
ZXERAXWP,FDXPMYGF,8868
ZKENOUDA,NZKBIBNU,260703
BJALXPFS,UGEQLMXM,55056
LLHREMKS,HXYSSRXE,5620778
ZGJXVMNI,XIFHSOWQ,42209
SAAYMURU,XIFHSOWQ,42244
LRVGFDFM,RAWUKQMJ,3970007
BSRMSVTC,XUOIQPFL,2444763
FRHNWLNI,LTOYKIML,356513
KAGJCHMR,GYHKIVQT,24834496
APQGTRMF,ZCELVYQU,181416
UGEQLMXM,XIFHSOWQ,41838
OGAFEHLU,RCBZUSIM,22235
WHPUAOID,JPBRUTWP,5653340
DDEXPPXU,XIIEJNEE,189
WPQXWHYO,FRHNWLNI,857761
VUAFAIYJ,XUOIQPFL,2437732
ZXERAXWP,SUOYXCHP,268
SDWAYPIK,WPQXWHYO,9511264
TGOELCAG,DUCMGGNW,455556
FDXPMYGF,DNMPSKTB,5241414
VUAFAIYJ,STZDBITS,19093020
ELQGMQWE,XIPPENFQ,151438
XIPPENFQ,AHMDUILJ,96317
OGAFEHLU,LPHPPJUG,1077735
BEZYMBBT,QJQJSWFU,104309
RCBZUSIM,AANGBULD,553175
DBWLZWNK,ZGJXVMNI,2642716
RJGPVEXX,XIPPENFQ,151394
ZKENOUDA,HXYSSRXE,5596323
WBLJNPZQ,BTMOEMEP,10157900
QJQJSWFU,LRVGFDFM,1818000
WBLJNPZQ,UXSPKBJR,387719
GYHKIVQT,DBWLZWNK,140946
RCBZUSIM,UGEQLMXM,54972
CCLHWFWF,FQCLOEXA,1889736
IGDVVKUD,UIFPPCLR,96003
QJQJSWFU,SDWAYPIK,5732665
KAGJCHMR,BSRMSVTC,400912
TGOELCAG,MIRCVAMV,59419
AXULOHBQ,LSOIUSXD,135615
FRHNWLNI,GYHKIVQT,24923092
VWMBASNE,XIPPENFQ,148895
IGDVVKUD,DUCMGGNW,452805
DDEXPPXU,AHMDUILJ,97918
VWMBASNE,LPHPPJUG,1100218
BEZYMBBT,WHPUAOID,39825
XIPPENFQ,WHPUAOID,39912
FDXPMYGF,QVLMOEYE,858865
XUOIQPFL,NZKBIBNU,263030
MBSBZBXA,ZKENOUDA,366751
YSYHGLQK,XIPPENFQ,149313
OXKURKXR,TGOELCAG,283532
BLANHGYY,VWMBASNE,115146
HXYSSRXE,JBVHSUWY,392684
QVLMOEYE,KJNSOAHR,14989799
DBWLZWNK,AXULOHBQ,44917
OXKURKXR,RJGPVEXX,696557
LSOIUSXD,BJALXPFS,210631
KAGJCHMR,LRVGFDFM,2094062
FDXPMYGF,OGAFEHLU,794
KAGJCHMR,QVLMOEYE,835301
BSRMSVTC,ZXERAXWP,59382
QJQJSWFU,FCYBOAXC,112181144
LRVGFDFM,LPHPPJUG,1103866
BJALXPFS,ROACSLMG,2410856
JERHKLYW,WBLJNPZQ,171458
PYZMVUWD,LTOYKIML,361806
RJGPVEXX,OGAFEHLU,1111
UGEQLMXM,BSRMSVTC,397720
SNHYOVBM,DJBLNPNC,31
UGEQLMXM,RJGPVEXX,696470
AXULOHBQ,YSYHGLQK,1331
ZGJXVMNI,RAWUKQMJ,3942961
TGOELCAG,QVLMOEYE,845080
JPBRUTWP,WHPUAOID,39179
OXKURKXR,KJNSOAHR,15272711
LTOYKIML,MBSBZBXA,3927570
BLANHGYY,AHMDUILJ,96897
OKMBFVKS,UIFPPCLR,97043
BTMOEMEP,VBYCLTYZ,427732
FCYBOAXC,QKXNTIIB,1559514
ROACSLMG,LPHPPJUG,1105646
RAWUKQMJ,WBLJNPZQ,175261
QVLMOEYE,KEUWZRKO,377643
BJALXPFS,QRKRBYJL,2585152
MIRCVAMV,NAQIHUKZ,370
RCBZUSIM,WBLJNPZQ,167495
NAQIHUKZ,SUOYXCHP,1306
OXKURKXR,XIFHSOWQ,41905
PYZMVUWD,QJQJSWFU,103966
DJBLNPNC,SDWAYPIK,5570955
DNMPSKTB,LUENUFGA,3093178
DEWLVASR,FDXPMYGF,10601
VBYCLTYZ,UXSPKBJR,370263
FDXPMYGF,QRKRBYJL,2739985
DNMPSKTB,UIFPPCLR,97998
AHMDUILJ,XIIEJNEE,145
VUAFAIYJ,UGEQLMXM,56781
YSYHGLQK,LTOYKIML,360968
TGOELCAG,ROACSLMG,2412254
DBWLZWNK,ELQGMQWE,700489
DJBLNPNC,VBYCLTYZ,424371
KJNSOAHR,AXULOHBQ,43499
SAAYMURU,ZXERAXWP,59734
WHPUAOID,LRVGFDFM,1813147
LSOIUSXD,ELQGMQWE,698723
FCYBOAXC,AXULOHBQ,43206
UXSPKBJR,SUOYXCHP,424
LUENUFGA,KJNSOAHR,15575810
DJBLNPNC,JPBRUTWP,5643508
APQGTRMF,JPBRUTWP,5636086
BTMOEMEP,OGAFEHLU,1491
MIRCVAMV,DDEXPPXU,15458
WBLJNPZQ,LUENUFGA,3021599
HCDTGMST,UQYUIVVR,4507880
KAGJCHMR,DUCMGGNW,489601
XUOIQPFL,KAGJCHMR,2828
YSYHGLQK,DUCMGGNW,466349
VWMBASNE,DBWLZWNK,148571
JPBRUTWP,KAGJCHMR,1722
WQMVCOEM,UQYUIVVR,4539256
BEZYMBBT,KEUWZRKO,358566
EVBVXETX,JSLXRQOK,82
MBSBZBXA,UIFPPCLR,98207
OGAFEHLU,XUOIQPFL,2301870
RJGPVEXX,LUENUFGA,3097104
MBSBZBXA,QRKRBYJL,2673598
XIFHSOWQ,BTMOEMEP,9904194
XIFHSOWQ,RAWUKQMJ,3949540
DBWLZWNK,ZCELVYQU,182783
APQGTRMF,ZXERAXWP,58496
BSRMSVTC,UIFPPCLR,95817
JPBRUTWP,RAWUKQMJ,3968614
KJNSOAHR,NAQIHUKZ,770
ELQGMQWE,TGOELCAG,262571
LRVGFDFM,WHPUAOID,39579
PYZMVUWD,RAWUKQMJ,3949144
RCBZUSIM,QKXNTIIB,1562832
SDWAYPIK,BTMOEMEP,9967168
JPBRUTWP,DUCMGGNW,415341
FWUCPMMW,GYHKIVQT,25390380
JPBRUTWP,BEZYMBBT,2593622
BTMOEMEP,AANGBULD,498210
NZKBIBNU,KJNSOAHR,15191480
XIPPENFQ,ZGJXVMNI,2635591
SAHWCZNH,FWUCPMMW,22359
ROACSLMG,AANGBULD,499838
ELQGMQWE,BUZIIBYG,15253090
FITUEHWN,KJNSOAHR,15063085
LPHPPJUG,UQYUIVVR,4430164
RCBZUSIM,FRHNWLNI,885369
BUZIIBYG,SAHWCZNH,1557469
MBSBZBXA,AHMDUILJ,96450
JERHKLYW,TGOELCAG,279190
ELQGMQWE,HXYSSRXE,5613728
BEZYMBBT,UXSPKBJR,400631
LLHREMKS,WHPUAOID,39346
BJALXPFS,UXSPKBJR,391744
WQMVCOEM,PYZMVUWD,121
GKQIJYDH,LUENUFGA,3097629
JSLXRQOK,GYHKIVQT,22615000
TGOELCAG,NAQIHUKZ,603
VWMBASNE,LTOYKIML,361068
AANGBULD,GKQIJYDH,4489548
AANGBULD,XIPPENFQ,150802
KEUWZRKO,RCBZUSIM,19592
UXSPKBJR,XIPPENFQ,149811
FRHNWLNI,QRKRBYJL,2618100
OGAFEHLU,KJNSOAHR,15333511
DBWLZWNK,BEZYMBBT,2507343
BUZIIBYG,BJALXPFS,225914
PYZMVUWD,UIFPPCLR,102125
PYZMVUWD,ELQGMQWE,699031
LPHPPJUG,AANGBULD,488117
JERHKLYW,LTOYKIML,368784
XMKRPGLB,LTOYKIML,362763
SUOYXCHP,WHPUAOID,39238
ZXERAXWP,MIRCVAMV,59893
ROACSLMG,FTSVTTSR,167999
RJGPVEXX,XUOIQPFL,2357635
VWMBASNE,FQCLOEXA,1870873
VWMBASNE,FWUCPMMW,22540
JPBRUTWP,ROACSLMG,2394308
AANGBULD,OJIFIHMZ,2035799
APQGTRMF,DNMPSKTB,5274998
WHPUAOID,LLHREMKS,37715
XIFHSOWQ,JERHKLYW,9499
XIPPENFQ,RJGPVEXX,763708
JPBRUTWP,FDXPMYGF,10612
FTSVTTSR,BEZYMBBT,2586118
LLHREMKS,GKQIJYDH,4986205
XIFHSOWQ,RJGPVEXX,719544
STZDBITS,SNHYOVBM,124024
LTOYKIML,IGDVVKUD,11633
AANGBULD,JSLXRQOK,52
DNMPSKTB,FRHNWLNI,870117
BLANHGYY,XIFHSOWQ,42217
OKMBFVKS,QRKRBYJL,2594990
MBSBZBXA,RAWUKQMJ,3830271
IGDVVKUD,VMAQSTJE,26233
DBWLZWNK,LLHREMKS,37618
EVBVXETX,BJALXPFS,223749
DBWLZWNK,PYZMVUWD,259
QRKRBYJL,BTMOEMEP,10211787
UXSPKBJR,YSYHGLQK,1837
KJNSOAHR,EVBVXETX,4687994
SUOYXCHP,UGEQLMXM,54920
VWMBASNE,BTMOEMEP,10781046
BTMOEMEP,OKMBFVKS,2098753
ELQGMQWE,DUCMGGNW,456356
KJNSOAHR,MBSBZBXA,4024423
WBLJNPZQ,VMAQSTJE,28761
XUOIQPFL,DJBLNPNC,47
UQYUIVVR,RCBZUSIM,20129
WPQXWHYO,BSRMSVTC,392631
UGEQLMXM,UIFPPCLR,95858
VUAFAIYJ,ZKENOUDA,374471
XIPPENFQ,DNMPSKTB,5228754
XIPPENFQ,LRVGFDFM,2075623
JSLXRQOK,BUZIIBYG,15251956
HXYSSRXE,PYZMVUWD,271
FRHNWLNI,AANGBULD,543964
FITUEHWN,BLANHGYY,3158
SNHYOVBM,LRVGFDFM,1909714
LRVGFDFM,FQCLOEXA,1926484
OXKURKXR,JSLXRQOK,56
BEZYMBBT,ZGJXVMNI,2640660
OJIFIHMZ,QJQJSWFU,105324
OJIFIHMZ,MIRCVAMV,59574
ZXERAXWP,HXYSSRXE,5576063
JERHKLYW,UIFPPCLR,96834
JERHKLYW,QKXNTIIB,1478480
TGOELCAG,PYZMVUWD,262
HCDTGMST,PYZMVUWD,260
BEZYMBBT,DEWLVASR,402265
VMAQSTJE,FTSVTTSR,156625
KJNSOAHR,GYHKIVQT,24482324
TGOELCAG,VBYCLTYZ,416799
JERHKLYW,DBWLZWNK,140016
FITUEHWN,GKQIJYDH,4984817
UIFPPCLR,WPQXWHYO,9503195
XIPPENFQ,BEZYMBBT,2568071
ZKENOUDA,OGAFEHLU,1420
ZCELVYQU,LRVGFDFM,1817601
ZGJXVMNI,JBVHSUWY,482458
LUENUFGA,FRHNWLNI,856542
XIIEJNEE,OJIFIHMZ,2014720
RCBZUSIM,DDEXPPXU,13752
DJBLNPNC,DUCMGGNW,426585
WPQXWHYO,FITUEHWN,67068
OKMBFVKS,ATLDMDBO,45871544
YSYHGLQK,JERHKLYW,9500
UIFPPCLR,CCLHWFWF,18214484
OGAFEHLU,STZDBITS,19408384
QJQJSWFU,OGAFEHLU,1066
LSOIUSXD,XIPPENFQ,147948
XIPPENFQ,QKXNTIIB,1557747
XUOIQPFL,SAHWCZNH,1474087
FTSVTTSR,NZKBIBNU,266202
BLANHGYY,RJGPVEXX,677654
KEUWZRKO,UGEQLMXM,55657
WQMVCOEM,WPQXWHYO,9621196
WQMVCOEM,DJBLNPNC,124
STZDBITS,BLANHGYY,3484
BSRMSVTC,AHMDUILJ,97807
QKXNTIIB,UIFPPCLR,99163
VBYCLTYZ,WBLJNPZQ,166363
MBSBZBXA,JBVHSUWY,483653
VWMBASNE,RAWUKQMJ,3945056
MBSBZBXA,GKQIJYDH,4736858
KJNSOAHR,XMKRPGLB,717166
OXKURKXR,BTMOEMEP,10333935
FCYBOAXC,LPHPPJUG,1111557
DNMPSKTB,DBWLZWNK,145140
LUENUFGA,RJGPVEXX,700209
ZCELVYQU,APQGTRMF,52206
FDXPMYGF,RAWUKQMJ,3924455
MIRCVAMV,QKXNTIIB,1457478
FWUCPMMW,SNHYOVBM,124573
RJGPVEXX,VWMBASNE,112868
XIFHSOWQ,ZCELVYQU,179783
BSRMSVTC,ELQGMQWE,706397
VUAFAIYJ,FTSVTTSR,163839
XIIEJNEE,QJQJSWFU,103437
VMAQSTJE,BTMOEMEP,9910582
FTSVTTSR,DDEXPPXU,15567
AXULOHBQ,WBLJNPZQ,167280
AANGBULD,BSRMSVTC,408192
YSYHGLQK,ZGJXVMNI,2616972
SAAYMURU,AANGBULD,550655
OKMBFVKS,HCDTGMST,36811
LTOYKIML,WBLJNPZQ,172388
NZKBIBNU,FITUEHWN,67313
FWUCPMMW,QJQJSWFU,122689
LPHPPJUG,DNMPSKTB,5209416
MBSBZBXA,VMAQSTJE,28492
OKMBFVKS,ELQGMQWE,694753
FWUCPMMW,BTMOEMEP,9931984
FITUEHWN,CCLHWFWF,17545924
LSOIUSXD,EVBVXETX,4682570
FRHNWLNI,QVLMOEYE,886975
QJQJSWFU,JBVHSUWY,445734
HCDTGMST,RCBZUSIM,19555
CCLHWFWF,NAQIHUKZ,780
BSRMSVTC,NZKBIBNU,259722
KEUWZRKO,LPHPPJUG,1100988
FWUCPMMW,LSOIUSXD,134367
BEZYMBBT,AHMDUILJ,99465
DBWLZWNK,FTSVTTSR,163207
LPHPPJUG,APQGTRMF,66579
XIIEJNEE,XUOIQPFL,2215123
UXSPKBJR,NZKBIBNU,264812
APQGTRMF,NZKBIBNU,260953
SNHYOVBM,GYHKIVQT,24157116
KEUWZRKO,XIPPENFQ,148773
BEZYMBBT,DNMPSKTB,5278006
QKXNTIIB,WPQXWHYO,9518360
DEWLVASR,IGDVVKUD,11927
OGAFEHLU,OXKURKXR,146620
ZKENOUDA,XIPPENFQ,149446
JBVHSUWY,FQCLOEXA,1884362
TGOELCAG,STZDBITS,19020688
WQMVCOEM,XIFHSOWQ,42115
BTMOEMEP,LSOIUSXD,135193
DEWLVASR,WHPUAOID,39788
ZKENOUDA,RAWUKQMJ,3952008
OXKURKXR,JPBRUTWP,5643100
HCDTGMST,OKMBFVKS,2100976
BJALXPFS,BLANHGYY,3163
PYZMVUWD,VWMBASNE,115223
UQYUIVVR,GKQIJYDH,4513708
SUOYXCHP,PYZMVUWD,87
FRHNWLNI,NAQIHUKZ,337
FITUEHWN,JERHKLYW,9434
JBVHSUWY,QJQJSWFU,104847
LUENUFGA,MIRCVAMV,57586
UGEQLMXM,AHMDUILJ,98936
LTOYKIML,LSOIUSXD,135640
LTOYKIML,GKQIJYDH,4783307
FQCLOEXA,IGDVVKUD,11694
KEUWZRKO,FCYBOAXC,114239776
LSOIUSXD,ROACSLMG,2412210
HXYSSRXE,WBLJNPZQ,170603
RJGPVEXX,EVBVXETX,4658780
JPBRUTWP,LSOIUSXD,135484
VMAQSTJE,XUOIQPFL,2439153
RCBZUSIM,KJNSOAHR,14748118
SDWAYPIK,ZXERAXWP,59822
LSOIUSXD,JERHKLYW,9392
FCYBOAXC,QRKRBYJL,2615604
FDXPMYGF,ATLDMDBO,44212112
BUZIIBYG,RCBZUSIM,19213
UGEQLMXM,JBVHSUWY,426484
AHMDUILJ,SNHYOVBM,122327
YSYHGLQK,AANGBULD,558000
BEZYMBBT,LTOYKIML,355932
LSOIUSXD,XUOIQPFL,2311629
KEUWZRKO,PYZMVUWD,83
LSOIUSXD,HXYSSRXE,5613080
OKMBFVKS,ZXERAXWP,59584
VUAFAIYJ,PYZMVUWD,62
JBVHSUWY,APQGTRMF,52414
OJIFIHMZ,JERHKLYW,9070
OGAFEHLU,VUAFAIYJ,774963
ZKENOUDA,ZGJXVMNI,2601836
HCDTGMST,YSYHGLQK,1300
BEZYMBBT,QRKRBYJL,2604225
UGEQLMXM,YSYHGLQK,1718
NZKBIBNU,LSOIUSXD,135490
JERHKLYW,JBVHSUWY,464611
BSRMSVTC,QJQJSWFU,104490
RCBZUSIM,FITUEHWN,61043
BSRMSVTC,YSYHGLQK,1924
SDWAYPIK,JERHKLYW,8864
LRVGFDFM,DBWLZWNK,138932
OXKURKXR,PYZMVUWD,197
LPHPPJUG,DDEXPPXU,13801
HXYSSRXE,UIFPPCLR,96565
DJBLNPNC,LPHPPJUG,1110135
OKMBFVKS,FWUCPMMW,23077
FCYBOAXC,LUENUFGA,3110165
XIFHSOWQ,AANGBULD,533380
OGAFEHLU,MBSBZBXA,3876396
BSRMSVTC,ZKENOUDA,377142
DNMPSKTB,JBVHSUWY,459047
DBWLZWNK,WQMVCOEM,528
JPBRUTWP,JERHKLYW,9147
PYZMVUWD,VBYCLTYZ,459531
UGEQLMXM,BTMOEMEP,9952673
CCLHWFWF,LLHREMKS,37179
SDWAYPIK,FCYBOAXC,112929952
JBVHSUWY,SAHWCZNH,1500327
XIPPENFQ,SDWAYPIK,5708617
OGAFEHLU,FCYBOAXC,114822608
QKXNTIIB,OGAFEHLU,1147
RAWUKQMJ,ZCELVYQU,183888
MIRCVAMV,OXKURKXR,145375
RCBZUSIM,SAAYMURU,18096
WBLJNPZQ,NZKBIBNU,261358
PYZMVUWD,ZKENOUDA,375713
FQCLOEXA,XMKRPGLB,749524
BEZYMBBT,AANGBULD,547487
VBYCLTYZ,ELQGMQWE,690844
FDXPMYGF,VBYCLTYZ,446082
SDWAYPIK,XIIEJNEE,176
BSRMSVTC,VMAQSTJE,28584
AHMDUILJ,VMAQSTJE,28517
FDXPMYGF,ZKENOUDA,374107
BSRMSVTC,TGOELCAG,282378
DBWLZWNK,VBYCLTYZ,432684
XIIEJNEE,YSYHGLQK,1328
HXYSSRXE,QRKRBYJL,2583091
QKXNTIIB,RJGPVEXX,705478
BEZYMBBT,LLHREMKS,37501
HCDTGMST,FTSVTTSR,165852
VBYCLTYZ,UIFPPCLR,98266
QKXNTIIB,RCBZUSIM,20360
VWMBASNE,BJALXPFS,208341
ELQGMQWE,BJALXPFS,209143
FCYBOAXC,JPBRUTWP,5659041
JPBRUTWP,ZXERAXWP,60230
UXSPKBJR,APQGTRMF,43427
RJGPVEXX,VBYCLTYZ,434555
JPBRUTWP,KJNSOAHR,15315506
JPBRUTWP,VUAFAIYJ,794737
HXYSSRXE,XUOIQPFL,2259922
YSYHGLQK,JPBRUTWP,5612176
IGDVVKUD,BJALXPFS,192727
OJIFIHMZ,DJBLNPNC,18
LLHREMKS,WPQXWHYO,9509450
ZGJXVMNI,BSRMSVTC,400064
MBSBZBXA,SUOYXCHP,2048
SAHWCZNH,GKQIJYDH,4771580
SAAYMURU,AXULOHBQ,44330
XUOIQPFL,JBVHSUWY,443492
PYZMVUWD,WPQXWHYO,9502470
JERHKLYW,XUOIQPFL,2317076
ZCELVYQU,QVLMOEYE,904868
VUAFAIYJ,LTOYKIML,356878
LUENUFGA,RAWUKQMJ,3941796
VUAFAIYJ,ROACSLMG,2410522
ROACSLMG,VBYCLTYZ,413016
ZCELVYQU,NAQIHUKZ,556
JPBRUTWP,DBWLZWNK,151704
MBSBZBXA,UQYUIVVR,4549431
ZKENOUDA,JERHKLYW,9453
OGAFEHLU,TGOELCAG,281388
RAWUKQMJ,QJQJSWFU,105239
LPHPPJUG,ZXERAXWP,59203
UQYUIVVR,HCDTGMST,48501
BEZYMBBT,ATLDMDBO,49678496
RJGPVEXX,NZKBIBNU,265118
VBYCLTYZ,JBVHSUWY,433480
FWUCPMMW,UQYUIVVR,4429480
WHPUAOID,DJBLNPNC,236
FITUEHWN,NAQIHUKZ,681
APQGTRMF,BSRMSVTC,406153
FDXPMYGF,SDWAYPIK,5604949
GYHKIVQT,WBLJNPZQ,170128
LTOYKIML,DUCMGGNW,403966
BEZYMBBT,ZKENOUDA,374401
ROACSLMG,HCDTGMST,36870
BUZIIBYG,ZXERAXWP,59851
APQGTRMF,VBYCLTYZ,463022
DJBLNPNC,VWMBASNE,104488
ZCELVYQU,SDWAYPIK,5747555
FITUEHWN,PYZMVUWD,245
ZGJXVMNI,LSOIUSXD,137136
RJGPVEXX,BLANHGYY,3499
XIFHSOWQ,KJNSOAHR,15818951
NAQIHUKZ,FCYBOAXC,108768064
FCYBOAXC,UGEQLMXM,55017
AHMDUILJ,HXYSSRXE,5606008
QJQJSWFU,GYHKIVQT,24327504
LUENUFGA,PYZMVUWD,185
FWUCPMMW,OJIFIHMZ,2130380
FTSVTTSR,BSRMSVTC,392981
WBLJNPZQ,LLHREMKS,41865
LLHREMKS,CCLHWFWF,18755324
WQMVCOEM,ZXERAXWP,59792
QKXNTIIB,JSLXRQOK,74
SAHWCZNH,XMKRPGLB,758712
SUOYXCHP,LUENUFGA,3400124
DJBLNPNC,OXKURKXR,144810
MIRCVAMV,HXYSSRXE,5610698
QVLMOEYE,VUAFAIYJ,792403
AXULOHBQ,GKQIJYDH,5007826
GYHKIVQT,VBYCLTYZ,400066
DNMPSKTB,FDXPMYGF,10099
DEWLVASR,ZGJXVMNI,2636257
FRHNWLNI,JSLXRQOK,76
APQGTRMF,QRKRBYJL,2624605
KAGJCHMR,JPBRUTWP,5640366
JBVHSUWY,VMAQSTJE,28495
FTSVTTSR,DEWLVASR,404590
BSRMSVTC,NAQIHUKZ,1395
DBWLZWNK,FWUCPMMW,23251
LSOIUSXD,HCDTGMST,47110
DJBLNPNC,QVLMOEYE,858140
RCBZUSIM,JSLXRQOK,76
LSOIUSXD,KJNSOAHR,15818951
RAWUKQMJ,BSRMSVTC,396700
HXYSSRXE,YSYHGLQK,1571
UXSPKBJR,AANGBULD,547711
FCYBOAXC,XIPPENFQ,149061
UIFPPCLR,JBVHSUWY,432592
LRVGFDFM,SAHWCZNH,1481082
XMKRPGLB,WHPUAOID,39868
FITUEHWN,WBLJNPZQ,171260
OJIFIHMZ,SNHYOVBM,120902
UXSPKBJR,WPQXWHYO,9617453
PYZMVUWD,LPHPPJUG,1107030
JERHKLYW,OJIFIHMZ,2068269
VWMBASNE,TGOELCAG,262047
DUCMGGNW,HCDTGMST,36972
AANGBULD,UIFPPCLR,96647
LPHPPJUG,ZGJXVMNI,2644683
OGAFEHLU,ZXERAXWP,80364
WPQXWHYO,AXULOHBQ,35964
ATLDMDBO,OGAFEHLU,774
DUCMGGNW,WHPUAOID,39709
VUAFAIYJ,FQCLOEXA,1878584
BSRMSVTC,FTSVTTSR,157542
ZGJXVMNI,AXULOHBQ,42262
ZXERAXWP,FITUEHWN,63323
IGDVVKUD,AHMDUILJ,98084
SAAYMURU,QKXNTIIB,1546753
VBYCLTYZ,KJNSOAHR,15275508
DEWLVASR,ROACSLMG,2410270
MBSBZBXA,OGAFEHLU,1174
SUOYXCHP,SDWAYPIK,5527886
UGEQLMXM,FDXPMYGF,9801
SAHWCZNH,UIFPPCLR,96810
DEWLVASR,DNMPSKTB,5214432
FRHNWLNI,FTSVTTSR,165902
LPHPPJUG,BJALXPFS,200934
ROACSLMG,LRVGFDFM,1885988
PYZMVUWD,BJALXPFS,203247
XIIEJNEE,FTSVTTSR,161084
ELQGMQWE,WQMVCOEM,311
WPQXWHYO,JSLXRQOK,73
XMKRPGLB,KJNSOAHR,15071735
FQCLOEXA,UXSPKBJR,400631
LUENUFGA,FQCLOEXA,1914298
SDWAYPIK,DUCMGGNW,397398
OKMBFVKS,FCYBOAXC,113789840
YSYHGLQK,GYHKIVQT,23790716
RJGPVEXX,JBVHSUWY,479472
DJBLNPNC,BEZYMBBT,2604851
DJBLNPNC,XIPPENFQ,162215
BUZIIBYG,BTMOEMEP,9968156
RCBZUSIM,BSRMSVTC,412554
LUENUFGA,UXSPKBJR,407862
YSYHGLQK,QVLMOEYE,859053
ZKENOUDA,LRVGFDFM,1804785
NAQIHUKZ,OKMBFVKS,2089668
NAQIHUKZ,VUAFAIYJ,782107
FCYBOAXC,LRVGFDFM,1847781
LLHREMKS,ZXERAXWP,59643
ZXERAXWP,UXSPKBJR,381126
PYZMVUWD,RCBZUSIM,18071
XIIEJNEE,OGAFEHLU,755
QKXNTIIB,NAQIHUKZ,1174
RJGPVEXX,ZKENOUDA,372683
TGOELCAG,CCLHWFWF,19601312
LSOIUSXD,FDXPMYGF,9416
ELQGMQWE,SNHYOVBM,120406
QJQJSWFU,KJNSOAHR,15251956
ZGJXVMNI,GKQIJYDH,4878580
WHPUAOID,UXSPKBJR,388635
XIPPENFQ,LSOIUSXD,136932
JPBRUTWP,FITUEHWN,66978
RCBZUSIM,SAHWCZNH,1617262
JSLXRQOK,XMKRPGLB,765946
BTMOEMEP,KJNSOAHR,15292475
IGDVVKUD,OJIFIHMZ,2142700
BEZYMBBT,KJNSOAHR,15508044
VMAQSTJE,DUCMGGNW,456868
PYZMVUWD,OXKURKXR,144061
DBWLZWNK,FRHNWLNI,837953
RCBZUSIM,QRKRBYJL,2629102
DNMPSKTB,PYZMVUWD,249
GKQIJYDH,OGAFEHLU,1106
CCLHWFWF,ZGJXVMNI,2636866
JPBRUTWP,PYZMVUWD,185
LRVGFDFM,ELQGMQWE,681719
VUAFAIYJ,DBWLZWNK,142078
SUOYXCHP,AANGBULD,555565
KAGJCHMR,TGOELCAG,281775
BEZYMBBT,OXKURKXR,145373
LUENUFGA,WQMVCOEM,442
NAQIHUKZ,FITUEHWN,61103
LLHREMKS,DEWLVASR,404517
AANGBULD,FRHNWLNI,871998
ZKENOUDA,JBVHSUWY,479661
RCBZUSIM,XIFHSOWQ,42463
AHMDUILJ,HCDTGMST,48223
DDEXPPXU,VUAFAIYJ,790382
AHMDUILJ,ZGJXVMNI,2638672
IGDVVKUD,CCLHWFWF,19933928
QVLMOEYE,LRVGFDFM,1865617
GYHKIVQT,JSLXRQOK,76
FQCLOEXA,OKMBFVKS,2117114
RAWUKQMJ,TGOELCAG,264176
LUENUFGA,ZCELVYQU,179630
UIFPPCLR,XMKRPGLB,758727
